index_content,word,nature,index_word
36,胡乱,n,0
36,扣费,v,1
36,违法,vn,2
36,忽悠,z,3
36,青山区,ns,4
36,分公司,n,5
36,官僚,n,6
36,霸道,n,7
44,言,vg,0
44,道,q,1
44,科技,n,2
44,有限公司,n,3
44,诱导,vn,4
44,欺骗,v,5
44,消费,vn,6
58,大歌,n,0
58,诗画,n,1
58,佛教,nz,2
58,建筑,n,3
58,奇葩,n,4
58,古德寺,nr,5
89,中国,ns,0
89,创新,v,1
89,指数,n,2
89,创新,v,3
89,高,a,4
89,投入,v,5
89,强度,n,6
89,接近,v,7
89,经合组织,nt,8
89,国家,n,9
89,平均水平,n,10
111,垃圾,n,0
111,分类,n,1
111,必要性,l,2
111,好处,d,3
165,企,n,0
165,讯通,n,1
165,拖欠,v,2
165,员工工资,n,3
165,讨要,v,4
165,遭,v,5
165,威胁,vn,6
319,恒大,nz,0
319,科技,n,1
319,旅游城,n,2
319,挂,v,3
319,羊肉,n,4
319,卖,v,5
319,狗头,n,6
319,欺骗,v,7
319,消息,n,8
385,建博,v,0
385,实业公司,n,1
385,涉嫌,v,2
385,欺骗,v,3
385,消费者,n,4
386,常青,nr,0
386,花园,n,1
386,住户,n,2
386,楼上,s,3
386,漏水,n,4
386,拒,v,5
386,修理,v,6
445,洪山区,ns,0
445,保利,n,1
445,中央,n,2
445,公馆,n,3
445,违建,v,4
445,垃圾,n,5
445,中转站,n,6
445,未,d,7
445,拆除,v,8
447,旭,nr,0
447,辉,nr,1
447,千山,ns,2
447,凌云,nr,3
447,违规,vn,4
447,草签,n,5
447,合同,a,6
447,高,a,7
447,违约金,n,8
673,杨春,nr,0
673,湖畔,ns,1
673,精装修,l,2
673,漏水,n,3
673,发霉,a,4
673,开发商,n,5
673,逃避,v,6
673,拖延,v,7
692,东湖,ns,0
692,高新区,nr,1
692,加州,ns,2
692,香山,ns,3
692,美树,ns,4
692,垃圾,n,5
692,露天,v,6
692,臭味,n,7
692,熏天,nz,8
861,美联,ns,0
861,达,v,1
861,健身,v,2
861,后湖,ns,3
861,店,n,4
861,欺骗,v,5
861,消费者,n,6
862,鑫,nr,0
862,花园,n,1
862,小区,n,2
862,凌晨,t,3
862,清运,n,4
862,垃圾,n,5
862,噪音,n,6
862,扰民,n,7
879,洪山区,ns,0
879,团结,a,1
879,大道,n,2
879,汪家,nrfg,3
879,墩站,n,4
879,群星,n,5
879,城,n,6
879,修路,n,7
879,噪音,n,8
879,分贝,n,9
879,高,a,10
879,扰民,n,11
923,愚弄,v,0
923,欺骗,v,1
923,穿着,v,2
923,各种各样,l,3
923,美丽,ns,4
923,衣裳,n,5
932,东西,ns,0
932,湖,ns,1
932,万科,nz,2
932,高尔夫,nr,3
932,熙岸,nr,4
932,停车,v,5
932,收费,n,6
932,高,a,7
932,停车难,i,8
961,江岸区,ns,0
961,塔子湖,nr,1
961,街中,s,2
961,花园,n,3
961,西区,ns,4
961,堆放,v,5
961,垃圾,n,6
1012,江汉区,ns,0
1012,菱角,n,1
1012,湖,ns,2
1012,万达,nz,3
1012,栋,zg,4
1012,堆,v,5
1012,垃圾,n,6
1033,天瑞,nz,0
1033,国际,n,1
1033,公寓楼,n,2
1033,道路,n,3
1033,多年,m,4
1033,破旧不堪,l,5
1033,垃圾,n,6
1033,成堆,n,7
1034,江岸区,ns,0
1034,惠济,nr,1
1034,二路,m,2
1034,号,m,3
1034,深夜,t,4
1034,垃圾,n,5
1034,转运,v,6
1034,噪音,n,7
1034,较大,a,8
1133,野生动物,n,0
1133,王国,ns,1
1133,动物,n,2
1133,少,a,3
1133,门票,n,4
1133,贵,a,5
1237,朗,nr,0
1237,诗,n,1
1237,西海岸,s,2
1237,楼盘,n,3
1237,房屋,n,4
1237,质量,n,5
1237,合格,n,6
1237,欺骗,v,7
1237,业主,n,8
1237,收房,n,9
1286,新生路,nz,0
1286,工地,n,1
1286,绿墙,n,2
1286,缝隙,n,3
1286,处,n,4
1286,扔满,v,5
1286,垃圾,n,6
1307,嘉禾,nr,0
1307,园,zg,1
1307,小区,n,2
1307,黑心,n,3
1307,物业,n,4
1307,收钱,v,5
1307,政府部门,n,6
1307,管管,vn,7
1389,投诉,v,0
1389,江夏区,ns,1
1389,江,nr,2
1389,公园,n,3
1389,仕家,n,4
1389,小区,n,5
1389,水费,n,6
1389,高,a,7
1389,透明,v,8
1480,硚口区,v,0
1480,解放,v,1
1480,大道,n,2
1480,古田,nr,3
1480,一路,m,4
1480,路面,n,5
1480,坑,n,6
1496,投诉,v,0
1496,青山区,ns,1
1496,红,a,2
1496,钢城,n,3
1496,往至,d,4
1496,和平,nz,5
1496,公园,n,6
1496,道路,n,7
1496,多处,m,8
1496,坑,n,9
1518,阳,b,0
1518,逻泊,n,1
1518,湖,n,2
1518,天下,s,3
1518,三层楼,n,4
1518,高,a,5
1518,竹制,n,6
1518,脚手架,n,7
1579,垃圾清运,n,0
1579,车,zg,1
1579,凌晨,t,2
1579,清运,n,3
1579,垃圾,n,4
1579,影响,vn,5
1579,睡眠,v,6
1612,垃圾,n,0
1612,分类,n,1
1612,记于,v,2
1612,心,n,3
1612,绿色,n,4
1612,生活,vn,5
1612,践于,v,6
1612,行,n,7
1612,线下,n,8
1612,体验,n,9
1612,活动,vn,10
1697,西,f,0
1697,马路,n,1
1697,垃圾,n,2
1697,转运,v,3
1697,场,q,4
1697,晚上,t,5
1697,点,m,6
1697,凌晨,t,7
1697,五六,m,8
1697,点,m,9
1901,街,n,0
1901,社区,n,1
1901,推行,v,2
1901,垃圾,n,3
1901,分类,n,4
1901,建设,vn,5
1901,先进,a,6
1901,社区,n,7
1901,线,n,8
1901,宣传,vn,9
1901,活动,vn,10
1936,青山区,ns,0
1936,分公司,n,1
1936,宽带,n,2
1936,乱,d,3
1936,扣费,v,4
1936,违法,vn,5
1936,忽悠,z,6
1936,一年,m,7
1936,无人管,l,8
2030,昔日,t,0
2030,垃圾,n,1
2030,填埋场,n,2
2030,变,v,3
2030,身,ng,4
2030,热门,n,5
2030,打卡,v,6
2085,月,m,0
2085,湖边,s,1
2085,建设,vn,2
2085,垃圾,n,3
2085,处理厂,n,4
2113,金家,n,0
2113,台,q,1
2113,小区,n,2
2113,七号,m,3
2113,楼,n,4
2113,楼顶,n,5
2113,漏水,n,6
2144,国庆,t,0
2144,黄金周,nr,1
2144,湖北,ns,2
2144,景区,n,3
2144,热度,n,4
2144,高,a,5
2144,黄鹤楼,nr,6
2144,暂列,b,7
2144,全国,n,8
2144,热,n,9
2144,景区,n,10
2144,第一,m,11
2216,东西湖区,ns,0
2216,海昌,ns,1
2216,天澜,nz,2
2216,三期,t,3
2216,垃圾,n,4
2216,转运,v,5
2282,硚口区,v,0
2282,古田,nr,1
2282,四路,m,2
2282,广电,nz,3
2282,兰亭,nr,4
2282,荣荟,nr,5
2282,垃圾,n,6
2282,堆积,v,7
2375,朱家,nrfg,0
2375,河,ns,1
2375,堤岸,s,2
2375,垃圾,n,3
2375,未,d,4
2375,清理,a,5
2385,华清,nr,0
2385,社区,n,1
2385,新,a,2
2385,直街,n,3
2385,号,q,4
2385,顶楼,n,5
2385,水箱,n,6
2385,常年,d,7
2385,漏水,n,8
2465,东西湖区,ns,0
2465,环,v,1
2465,湖东路,ns,2
2465,园,n,3
2465,博园,n,4
2465,北路,ns,5
2465,丁字,nr,6
2465,交叉口,n,7
2465,马路,n,8
2465,坑,n,9
2465,凹,a,10
2496,年,m,0
2496,房屋,n,1
2496,漏水,n,2
2496,中建,ns,3
2496,三局,j,4
2496,物业,n,5
2496,太极,ns,6
2530,健康,a,0
2530,生活,vn,1
2530,心,s,2
2530,出发,v,3
2530,心理健康,n,4
2530,教育,vn,5
2530,系列,q,6
2530,活动,vn,7
2530,睡眠,v,8
2530,不好,d,9
2530,忽视,v,10
2574,武贵,nr,0
2574,高铁,n,1
2574,修改,v,2
2574,成,v,3
2574,天,q,4
2574,贵,n,5
2574,高铁,n,6
2574,招标,n,7
2661,汉阳区,ns,0
2661,天海,ns,1
2661,饰家,n,2
2661,公司,n,3
2661,欺骗,v,4
2661,消费者,n,5
2665,盘龙城,ns,0
2665,日月,t,1
2665,山水,ns,2
2665,小区,n,3
2665,凌晨,t,4
2665,清运,n,5
2665,垃圾,n,6
2665,噪音,n,7
2665,扰民,n,8
2733,垃圾,n,0
2733,扔,v,1
2733,前,f,2
2733,类分,n,3
2733,美好生活,i,4
2733,一百分,m,5
2733,临江,ns,6
2733,港湾,ns,7
2733,社区,n,8
2733,垃圾,n,9
2733,分类,n,10
2733,进,v,11
2733,家庭,n,12
2733,活动,vn,13
2736,绿地,n,0
2736,城,n,1
2736,一期,d,2
2736,区,n,3
2736,施工进度,n,4
2736,太慢,a,5
2757,大学生,n,0
2757,安居房,nr,1
2757,墙体,n,2
2757,漏水,n,3
2757,发霉,a,4
2757,生虫,n,5
2757,报修,v,6
2757,月,m,7
2757,回音,n,8
2805,青山区,ns,0
2805,钢,n,1
2805,花园,n,2
2805,房屋,n,3
2805,漏水,n,4
2838,歌,n,0
2838,笛,n,1
2838,桥,n,2
2838,地下通道,n,3
2838,门檐,n,4
2838,上方,f,5
2838,垃圾,n,6
2850,投诉,v,0
2850,钰,g,1
2850,程,n,2
2850,房地产,j,3
2850,世纪,n,4
2850,源金,n,5
2850,服,vn,6
2850,恶劣,a,7
2991,垃圾,n,0
2991,分类,n,1
2991,资源,n,2
2991,善,v,3
2991,利用,n,4
2991,临江,ns,5
2991,港湾,ns,6
2991,社区,n,7
2991,垃圾,n,8
2991,分类,n,9
2991,体验,n,10
2991,活动,vn,11
2992,东湖,ns,0
2992,高新区,nr,1
2992,中,f,2
2992,芯,ng,3
2992,二路,m,4
2992,绿化带,n,5
2992,里,f,6
2992,垃圾,n,7
2992,长霉,n,8
2992,发臭,v,9
3107,月,m,0
3107,日,m,1
3107,实行,v,2
3107,生活,vn,3
3107,垃圾,n,4
3107,强制,v,5
3107,分类,n,6
3107,分类,n,7
3107,垃圾,n,8
3107,收运,n,9
3107,单位,n,10
3107,拒收,v,11
3137,市,n,0
3137,武昌区,ns,1
3137,水果湖,nr,2
3137,南苑,ns,3
3137,村,n,4
3137,栋,q,5
3137,卫生间,n,6
3137,漏水,n,7
3148,世,n,0
3148,联行,v,1
3148,金融公司,n,2
3148,联合,v,3
3148,世联松,nr,4
3148,塔,j,5
3148,装修,v,6
3148,公司,n,7
3148,欺骗,v,8
3148,消费者,n,9
3735,十九,m,0
3735,高,a,1
3735,学生,n,2
3735,饭菜,n,3
3735,质量,n,4
3735,太,d,5
3735,差,a,6
3859,优众,n,0
3859,诚品,n,1
3859,欺骗,v,2
3859,客户,n,3
3859,交完,v,4
3859,钱,n,5
3859,车,n,6
4035,车商,n,0
4035,无耻,a,1
4035,欺骗,v,2
4043,共享,v,0
4043,单车,n,1
4043,当作,v,2
4043,垃圾,n,3
4043,丢,zg,4
4043,桥孔,n,5
4068,青山区,ns,0
4068,铁,n,1
4068,投,vn,2
4068,江南,ns,3
4068,御景,n,4
4068,住宅区,n,5
4068,地下,s,6
4068,停车场,n,7
4068,封闭,v,8
4068,数月,m,9
4068,停车费,n,10
4068,高,a,11
4092,长沙,ns,0
4092,新增,v,1
4092,名,q,2
4092,两院,j,3
4092,院士,n,4
4092,创新,v,5
4092,高,a,6
4138,冶金,n,0
4138,街,n,1
4138,街道,n,2
4138,强行,v,3
4138,江南,ns,4
4138,御景,n,5
4138,建,v,6
4138,垃圾,n,7
4138,分拣,v,8
4138,站,v,9
4139,汉川市,ns,0
4139,西湖路,ns,1
4139,木材,n,2
4139,垃圾,n,3
4139,燃烧,v,4
4139,呛鼻,a,5
4139,气味,n,6
4190,江夏,ns,0
4190,山水,ns,1
4190,装饰,n,2
4190,公司,n,3
4190,设计师,n,4
4190,张敏,nr,5
4190,欺骗,v,6
4190,消费者,n,7
4198,青山区,ns,0
4198,青翠,nr,1
4198,苑,nr,2
4198,号院,n,3
4198,装修,v,4
4198,改造,v,5
4198,垃圾,n,6
4198,长期,d,7
4198,堆积,v,8
4225,光谷,n,0
4225,理想,n,1
4225,城,n,2
4225,凌晨,t,3
4225,清运,n,4
4225,垃圾,n,5
4225,噪音,n,6
4225,扰民,n,7
4331,东西湖区,ns,0
4331,碧桂园,nr,1
4331,地下,s,2
4331,车库,n,3
4331,漏水,n,4
4348,光谷,n,0
4348,坑,n,1
4348,商家,n,2
4356,洪山区,ns,0
4356,珞,n,1
4356,喻,vg,2
4356,东路,ns,3
4356,高架桥,ns,4
4356,垃圾,n,5
4356,整改,v,6
4541,武昌区,ns,0
4541,莲溪寺,ns,1
4541,社区,n,2
4541,举办,v,3
4541,生活,vn,4
4541,垃圾,n,5
4541,分类,n,6
4541,系列,q,7
4541,科普,nrt,8
4541,宣传,vn,9
4541,活动,vn,10
4584,东湖,ns,0
4584,高新,d,1
4584,珞,n,2
4584,瑜,nr,3
4584,东路,ns,4
4584,区,n,5
4584,绿化带,n,6
4584,十袋,m,7
4584,垃圾,n,8
4584,放,v,9
4584,三日,t,10
4603,江夏区,ns,0
4603,兴,v,1
4603,新街,ns,2
4603,心连心,i,3
4603,药房,n,4
4603,药价,n,5
4603,药店,n,6
4603,高,a,7
4663,高校,n,0
4663,高,a,1
4663,颜值,n,2
4663,军运,n,3
4663,赛场,n,4
4663,气质,n,5
4765,厨余,n,0
4765,垃圾,n,1
4765,变废为宝,i,2
4765,践行,v,3
4765,绿色,n,4
4765,迎军,nr,5
4765,运,n,6
4845,蔡甸区,ns,0
4845,依山龙,nr,1
4845,郡,n,2
4845,物业,n,3
4845,占用,v,4
4845,小区,n,5
4845,消防通道,n,6
4845,堆放,v,7
4845,垃圾,n,8
4959,做生意,v,0
4959,租,v,1
4959,门店,n,2
4959,营业,n,3
4959,黑心,n,4
4959,老板,n,5
4959,不退,v,6
4959,一毛钱,n,7
4959,躲,v,8
4959,不见,v,9
4999,垃圾,n,0
4999,分类,n,1
4999,科普,nrt,2
4999,走进,v,3
4999,武昌,ns,4
4999,杨园街,nr,5
4999,四美,m,6
4999,社区,n,7
5043,江汉区,ns,0
5043,固体,a,1
5043,回收站,n,2
5043,垃圾,n,3
5043,异味,n,4
5043,刺鼻,v,5
5048,湖北,ns,0
5048,健康,a,1
5048,指标,n,2
5048,水平,n,3
5048,高,a,4
5048,人均,j,5
5048,期望,v,6
5048,寿命,n,7
5048,提高,v,8
5048,岁,m,9
5080,华中师范大学,nt,0
5080,三下乡,m,1
5080,基层,n,2
5080,垃圾,n,3
5080,分类,n,4
5080,建设,vn,5
5080,美丽,ns,6
5080,乡村,n,7
5099,东西湖区,ns,0
5099,吴家山,nr,1
5099,街二雅路,nz,2
5099,天合,n,3
5099,新界,n,4
5099,小区,n,5
5099,旁,f,6
5099,垃圾,n,7
5099,未,d,8
5099,清理,a,9
5112,白沙洲,ns,0
5112,街,n,1
5112,舒家巷,nr,2
5112,号,q,3
5112,对面,n,4
5112,公厕,n,5
5112,旁,f,6
5112,垃圾,n,7
5112,堆积,v,8
5112,无人,n,9
5112,清理,a,10
5118,美化,ns,0
5118,城市,ns,1
5118,环境,n,2
5118,垃圾,n,3
5118,分类,n,4
5118,做起,v,5
5118,湖北,ns,6
5118,大学,n,7
5183,我省,r,0
5183,发布,v,1
5183,技术,n,2
5183,导则,n,3
5183,生活,vn,4
5183,垃圾,n,5
5183,请,v,6
5183,投放,v,7
5183,附,v,8
5183,分类,n,9
5183,体系,n,10
5183,图,n,11
5234,坑人,n,0
5248,我省,r,0
5248,实行,v,1
5248,生活,vn,2
5248,垃圾,n,3
5248,分类,n,4
5253,汉阳区,ns,0
5253,昌隆,nr,1
5253,花园,n,2
5253,大树,n,3
5253,威胁,vn,4
5253,房子,n,5
5297,学林,n,0
5297,博雅,nr,1
5297,天城,ns,2
5297,物业费,n,3
5297,高,a,4
5297,安全门,nr,5
5297,未装,v,6
5327,网上,s,0
5327,招人,n,1
5327,难,a,2
5327,不好,d,3
5329,汉口,ns,0
5329,胜利,vn,1
5329,街,n,2
5329,黄石路,nr,3
5329,交叉路口,n,4
5329,垃圾,n,5
5329,未,d,6
5329,清理,a,7
5354,汉口,ns,0
5354,航侧,n,1
5354,小居,nr,2
5354,小区,n,3
5354,外墙,n,4
5354,装修,v,5
5354,导致,v,6
5354,小区,n,7
5354,住户,n,8
5354,房屋,n,9
5354,漏水,n,10
5375,硚口区,v,0
5375,宝丰,nz,1
5375,街,n,2
5375,宝丰,nz,3
5375,派出所,n,4
5375,仓库,n,5
5375,平台,n,6
5375,垃圾,n,7
5375,消防,n,8
5375,隐患,n,9
5428,年内,t,0
5428,推行,v,1
5428,生活,vn,2
5428,垃圾,n,3
5428,强制,v,4
5428,分类,n,5
5428,计划,n,6
5428,分为,v,7
5428,四类,m,8
5454,硚口区,v,0
5454,紫润明,nr,1
5454,园,ng,2
5454,北区,ns,3
5454,垃圾车,n,4
5454,清理,a,5
5454,垃圾,n,6
5454,噪音,n,7
5454,扰民,n,8
5503,东湖,ns,0
5503,风景区,n,1
5503,严,a,2
5503,西湖,ns,3
5503,隧道,n,4
5503,出口,vn,5
5503,三环,nz,6
5503,匝道,n,7
5503,交汇处,nt,8
5503,路面,n,9
5503,坑,n,10
5504,湖北省,ns,0
5504,终止,v,1
5504,防汛,vn,2
5504,级,q,3
5504,应急,vn,4
5504,响应,v,5
5504,洪水,nr,6
5504,威胁,vn,7
5504,解除,v,8
5516,汉阳区,ns,0
5516,显,v,1
5516,正街,n,2
5516,号,q,3
5516,小区,n,4
5516,垃圾,n,5
5516,满地,n,6
5666,莲溪寺,ns,0
5666,社区,n,1
5666,垃圾,n,2
5666,分类,n,3
5666,科普,nrt,4
5666,宣传,vn,5
5666,活动,vn,6
5677,便民服务,n,0
5677,助力,n,1
5677,垃圾,n,2
5677,分类,n,3
5677,今日,t,4
5677,走进,v,5
5677,石牌岭,ns,6
5677,社区,n,7
5681,中,f,0
5681,南路,ns,1
5681,街,n,2
5681,梅苑,nr,3
5681,社区,n,4
5681,垃圾,n,5
5681,分类,n,6
5681,宣传,vn,7
5681,公益活动,n,8
5689,联投,nt,0
5689,金色,n,1
5689,港湾,ns,2
5689,三期,t,3
5689,电梯,n,4
5689,漏水,n,5
5732,倡导,v,0
5732,垃圾,n,1
5732,分类,n,2
5732,共享,v,3
5732,绿色,n,4
5732,军运,n,5
5732,环保,j,6
5732,系列,q,7
5732,主题,n,8
5732,活动,vn,9
5732,签名,v,10
5732,启动,vn,11
5732,仪式,n,12
5757,上海,ns,0
5757,垃圾,n,1
5757,分类,n,2
5757,动真格,n,3
5757,生活,vn,4
5757,垃圾,n,5
5757,分类,n,6
5757,落地,n,7
5758,上海,ns,0
5758,垃圾,n,1
5758,分类,n,2
5758,开罚单,n,3
5758,生活,vn,4
5758,垃圾,n,5
5758,分类,n,6
5761,市,n,0
5761,友谊,nr,1
5761,大道,n,2
5761,消防栓,n,3
5761,漏水,n,4
5791,武昌,ns,0
5791,六成,m,1
5791,社区,n,2
5791,年内,t,3
5791,垃圾,n,4
5791,分类,n,5
5802,市,n,0
5802,汉南区,ns,1
5802,微,n,2
5802,湖水,ns,3
5802,岸,n,4
5802,房屋,n,5
5802,漏水,n,6
5802,无人,n,7
5802,解决,v,8
5803,美林,ns,0
5803,青城,ns,1
5803,武铁佳,nr,2
5803,苑,nr,3
5803,东区,ns,4
5803,建筑,n,5
5803,垃圾,n,6
5803,存放,v,7
5803,点,m,8
5803,投诉,v,9
5810,记得,v,0
5810,考场,n,1
5810,外,f,2
5810,跪谢,v,3
5810,母亲,n,4
5810,高,a,5
5810,考生,v,6
5810,高考,v,7
5810,成绩,n,8
5810,分,v,9
5833,市,n,0
5833,黄陂区,ns,1
5833,殡仪馆,n,2
5833,遗体,n,3
5833,运输费,n,4
5833,高,a,5
5872,驻汉,ns,0
5872,央企,j,1
5872,参,v,2
5872,建成,v,3
5872,贵,a,4
5872,铁路,n,5
5872,乐宜,a,6
5872,段,q,7
5872,开通,v,8
5872,运营,vn,9
5901,硚口区,v,0
5901,汉水,nz,1
5901,岸,n,2
5901,开发商,n,3
5901,欺骗,v,4
5901,老百姓,n,5
5904,高考,v,0
5904,奇葩,n,1
5904,事件,n,2
5904,年,m,3
5904,年,m,4
5904,特别,d,5
6043,光谷,n,0
6043,小亮,nr,1
6043,蒸虾,n,2
6043,黑心,n,3
6043,店,n,4
6102,音响,n,0
6102,百科,nz,1
6102,车载,n,2
6102,蓝牙,ns,3
6102,音质,n,4
6102,不好,d,5
6102,改良,v,6
6102,方法,n,7
6121,心连心,i,0
6121,药房,n,1
6121,促销,v,2
6121,活动,vn,3
6121,欺骗,v,4
6121,消费者,n,5
6131,转发,v,0
6131,融侨,n,1
6131,方圆,n,2
6131,挂,v,3
6131,狗肉,n,4
6131,卖,v,5
6131,羊头,n,6
6131,欺骗,v,7
6131,业主,n,8
6161,台湾,ns,0
6161,小镇,nr,1
6161,慢,a,2
6161,游,n,3
6161,推介会,n,4
6161,成功,a,5
6161,举办,v,6
6310,分红,v,0
6310,性,n,1
6310,坑,n,2
6322,电视广告,n,0
6322,免费,vn,1
6322,申领,v,2
6322,实,n,3
6322,忽悠,z,4
6322,老人,n,5
6322,监管,vn,6
6333,汽车,n,0
6333,公认,v,1
6333,修,v,2
6333,不好,d,3
6333,通病,n,4
6333,碰上,v,5
6333,自认倒霉,l,6
6333,花,v,7
6333,冤枉钱,n,8
6359,农村,n,0
6359,低保,v,1
6359,每月,r,2
6359,调整,vn,3
6359,村干部,n,4
6359,忽悠,z,5
6580,汉口,ns,0
6580,六渡桥,ns,1
6580,菜场,n,2
6580,废,n,3
6580,纸箱,n,4
6580,泼水,n,5
6580,坑,n,6
6580,爹,n,7
6658,洪山区,ns,0
6658,金吉鸟,nr,1
6658,健身,v,2
6658,虚假,a,3
6658,宣传,vn,4
6658,欺骗,v,5
6658,消费者,n,6
6725,垃圾,n,0
6725,中转站,n,1
6725,小学,n,2
6725,一墙之隔,i,3
6725,师生,nr,4
6725,忍受,v,5
6725,臭气,n,6
6725,年,m,7
6726,护士,n,0
6726,手绘,n,1
6726,漫画,n,2
6726,教,v,3
6726,幼儿,n,4
6726,远离,v,5
6726,高,a,6
6726,危,n,7
6726,食物,n,8
7057,多个,m,0
7057,地铁站,n,1
7057,频频,d,2
7057,漏水,n,3
7057,市民,n,4
7057,担忧,v,5
7185,过年,t,0
7185,期间,f,1
7185,青菜,n,2
7185,比肉,n,3
7185,贵,n,4
7185,预计,vn,5
7185,元宵节,t,6
7185,价格,n,7
7185,回落,v,8
7217,湖北,ns,0
7217,交警,j,1
7217,提醒,v,2
7217,雨雪,n,3
7217,恶劣,a,4
7217,天气,n,5
7217,袭,v,6
7217,错开,v,7
7217,初六,t,8
7217,返程,n,9
7217,最高峰,n,10
7471,一年,m,0
7471,花,n,1
7471,亿,m,2
7471,演出,v,3
7471,年轻,a,4
7471,高,a,5
7471,知,v,6
7471,女性,n,7
7471,场,q,8
7511,春运,n,0
7511,客流量,n,1
7511,创新,v,2
7511,高,a,3
7511,避峰,n,4
7511,提前,v,5
7511,知晓,v,6
7523,加快,v,0
7523,推进,v,1
7523,芯,ng,2
7523,两,m,3
7523,三区,ns,4
7523,区域,n,5
7523,协调,v,6
7523,发展,vn,7
7523,质量,n,8
7523,高,a,9
7577,厨余,n,0
7577,垃圾,n,1
7577,变废为宝,i,2
7577,华农,nz,3
7577,老师,n,4
7577,走进,v,5
7577,杨园街,nr,6
7577,国棉,n,7
7577,社区,n,8
7577,教,v,9
7577,居民,n,10
7577,制作,vn,11
7577,环保,j,12
7577,酵素,n,13
7577,手工,n,14
7577,肥皂,n,15
7582,碧桂园,nr,0
7582,皇城,n,1
7582,商业中心,nt,2
7582,垃圾,n,3
7582,管理,vn,4
7582,不妥,a,5
7694,家园,n,0
7694,做主,v,1
7694,宁静,nr,2
7694,小区,n,3
7694,平静,a,4
7694,中铁,n,5
7694,建,v,6
7694,物业公司,n,7
7694,垃圾,n,8
7694,广告,n,9
7694,蹂躏,v,10
7694,千户,m,11
7694,业主,n,12
7716,医院,n,0
7716,垃圾,n,1
7716,跑,v,2
7716,外面,f,3
7716,不知,v,4
7716,好不好,l,5
7732,东方,s,0
7732,夏威夷,nr,1
7732,国际,n,2
7732,花园,n,3
7732,违规,vn,4
7732,建,v,5
7732,垃圾,n,6
7732,转运站,n,7
7736,九坤,ns,0
7736,翰林,nz,1
7736,苑,nr,2
7736,小区,n,3
7736,垃圾,n,4
7736,一个月,m,5
7736,未,d,6
7736,清理,a,7
7892,水边,s,0
7892,活动房,n,1
7892,拆,v,2
7892,垃圾,n,3
7930,北洋,ns,0
7930,桥,n,1
7930,垃圾,n,2
7930,山,n,3
7930,变身,v,4
7930,生态,n,5
7930,公园,n,6
7957,水边,s,0
7957,活动房,n,1
7957,拆,v,2
7957,垃圾,n,3
7957,应,v,4
7957,清除,v,5
7997,湖北,ns,0
7997,万名,m,1
7997,考生,v,2
7997,参加国,n,3
7997,考,v,4
7997,热,n,5
7997,岗位,n,6
7997,竞争,vn,7
7997,高,a,8
7997,达,v,9
8085,中科院,nt,0
8085,调查,vn,1
8085,发现,v,2
8085,水中,s,3
8085,已成,v,4
8085,长江,ns,5
8085,潜在,t,6
8085,威胁,vn,7
8166,青山区,ns,0
8166,住房,n,1
8166,楼顶,n,2
8166,水箱,n,3
8166,漏水,n,4
8229,公交,n,0
8229,凤凰山,ns,1
8229,停车场,n,2
8229,红庙,nr,3
8229,公交车站,n,4
8229,发车,v,5
8229,太慢,a,6
8330,游玩,n,0
8330,动物园,n,1
8330,乱,d,2
8330,扔,v,3
8330,垃圾,n,4
8339,湖北,ns,0
8339,今年冬天,t,1
8339,偏,d,2
8339,暖,a,3
8339,概率,n,4
8339,高,a,5
8339,飘雪,v,6
8339,迎,v,7
8339,立冬,t,8
8414,市民,n,0
8414,之家,r,1
8414,拍卖会,n,2
8414,贵,a,3
8414,手表,n,4
8414,万元,m,5
8414,拍,v,6
8434,消防栓,n,0
8434,漏水,n,1
8434,放水,v,2
8486,江夏区,ns,0
8486,长咀,ns,1
8486,湾,v,2
8486,焚烧,v,3
8486,垃圾,n,4
8486,屡禁不止,l,5
8499,五米,m,0
8499,高,a,1
8499,绿墙,n,2
8536,宜昌,ns,0
8536,发生,v,1
8536,高,a,2
8536,致病性,n,3
8536,禽流感,n,4
8536,疫情,n,5
8536,羽,nr,6
8536,家禽,n,7
8536,死亡,v,8
8610,盘龙城,ns,0
8610,开发区,n,1
8610,汉口,ns,2
8610,湖畔,ns,3
8610,小区,n,4
8610,旁边,f,5
8610,天天,t,6
8610,晚上,t,7
8610,焚烧,v,8
8610,垃圾,n,9
8610,污染空气,n,10
8680,垃圾,n,0
8738,汉,j,0
8738,西一路,nz,1
8738,硚,yg,2
8738,口,q,3
8738,实验,vn,4
8738,小学,n,5
8738,旁边,f,6
8738,生活,vn,7
8738,垃圾,n,8
8738,堆积,v,9
8740,月湖,n,0
8740,公园,n,1
8740,打捞,v,2
8740,浮萍,nr,3
8740,捡拾,v,4
8740,垃圾,n,5
8763,湖北,ns,0
8763,万众,n,1
8763,森林,n,2
8763,药房,n,3
8763,欺骗,v,4
8763,老人,n,5
8763,购,v,6
8763,保健药,n,7
8764,反对,d,0
8764,建设,vn,1
8764,江堤,ns,2
8764,中路,ns,3
8764,垃圾,n,4
8764,转运站,n,5
8795,房屋,n,0
8795,漏水,n,1
8795,影响,vn,2
8795,生活,vn,3
8795,安全隐患,i,4
8798,吉庆街,nr,0
8798,垃圾,n,1
8798,共享,v,2
8798,单车,n,3
8798,混,v,4
8824,今晨,t,0
8824,汉口,ns,1
8824,民俗,n,2
8824,吉庆街,nr,3
8824,共享,v,4
8824,单车,n,5
8824,垃圾,n,6
8824,为伍,v,7
8892,租,v,0
8892,住户,n,1
8892,扰民,n,2
8892,不胜其烦,i,3
8892,漏水,n,4
8892,噪音,n,5
8892,投诉无门,n,6
8922,罗家,ns,0
8922,港,j,1
8922,地铁站,n,2
8922,自行车,n,3
8922,停车处,n,4
8922,垃圾,n,5
8922,多年,m,6
8922,无人,n,7
8922,清理,a,8
8925,新,a,0
8925,经济,n,1
8925,人才,n,2
8925,缺口,n,3
8925,万,m,4
8925,薪酬,n,5
8925,可观,a,6
8925,学历,n,7
8925,高,a,8
8985,涉黑,v,0
8985,组织,v,1
8985,承包,v,2
8985,菜场,n,3
8985,年,m,4
8985,菜价,n,5
8985,市场价,n,6
8985,贵,a,7
8985,一倍,m,8
8991,武昌区,ns,0
8991,大学,n,1
8991,珞,n,2
8991,涵,vg,3
8991,屯,v,4
8991,小区,n,5
8991,栋,m,6
8991,高,n,7
8991,楼层,n,8
8991,五六年,m,9
8991,水压,n,10
8991,长期,d,11
8991,顶楼,n,12
8991,停水,v,13
9054,龙,n,0
9054,几米,m,1
9054,高,a,2
9054,空中,s,3
9054,舞,v,4
9054,舞,n,5
9054,高龙,nr,6
9066,硚口区,v,0
9066,古田,nr,1
9066,广电,nz,2
9066,江湾,ns,3
9066,物业,n,4
9066,违建,v,5
9066,反,v,6
9066,物业,n,7
9066,威胁,vn,8
9069,垃圾,n,0
9069,中转站,n,1
9069,房子,n,2
9069,不到,v,3
9069,米,q,4
9069,声音,n,5
9069,扰民,n,6
9086,华宇,nr,0
9086,理想国,n,1
9086,开发商,n,2
9086,华宇,nr,3
9086,地产,n,4
9086,欺诈,vn,5
9086,威胁,vn,6
9086,恐吓,v,7
9086,业主,n,8
9098,垃圾箱,n,0
9098,眼前,t,1
9098,垃圾,n,2
9098,扔,v,3
9098,地上,s,4
9129,洪山区,ns,0
9129,杨家湾,nr,1
9129,康卓新,nr,2
9129,城内,s,3
9129,建,v,4
9129,垃圾,n,5
9129,转运,v,6
9129,场,q,7
9145,保,v,0
9145,墨水,ns,1
9145,湾,zg,2
9145,开发商,n,3
9145,欺骗,v,4
9145,欺压,v,5
9145,可怜,v,6
9145,业主,n,7
9152,洪山区,ns,0
9152,张家湾,nr,1
9152,青润,n,2
9152,家园,n,3
9152,小区,n,4
9152,垃圾,n,5
9152,长,a,6
9152,长期,d,7
9152,堆积如山,i,8
9173,汉南,ns,0
9173,绿地,n,1
9173,城,n,2
9173,开发商,n,3
9173,欺骗,v,4
9173,客户,n,5
9174,开,v,0
9174,汉南区,ns,1
9174,御景,n,2
9174,华府,nr,3
9174,小区,n,4
9174,清理,a,5
9174,垃圾,n,6
9174,时间,n,7
9174,不合理,n,8
9174,噪音,n,9
9174,扰民,n,10
9191,市民,n,0
9191,举报,v,1
9191,身边,s,2
9191,奇葩,n,3
9191,证明,n,4
9198,市民,n,0
9198,举报,v,1
9198,身边,s,2
9198,奇葩,n,3
9198,证明,n,4
9238,汉阳,ns,0
9238,卧龙,ns,1
9238,墨水,ns,2
9238,湖边,s,3
9238,门口,s,4
9238,绿化,n,5
9238,公园,n,6
9238,垃圾,n,7
9238,无人,n,8
9238,清理,a,9
9276,垃圾,n,0
9276,长期,d,1
9276,堆放,v,2
9276,未,d,3
9289,汉阳,ns,0
9289,万科,nz,1
9289,新世纪,nz,2
9289,翡翠,n,3
9289,滨江,ns,4
9289,焚烧,v,5
9289,垃圾,n,6
9307,认清,v,0
9307,公司,n,1
9307,真实,d,2
9307,面目,n,3
9307,免受,v,4
9307,欺骗,v,5
9307,少走弯路,l,6
9374,消防栓,n,0
9374,漏水,n,1
9374,多日,m,2
9374,无人管,l,3
9423,森顿,nr,0
9423,家私,n,1
9423,销售,vn,2
9423,三无,j,3
9423,产品,n,4
9423,欺骗,v,5
9423,消费者,n,6
9428,对话,n,0
9428,法国,ns,1
9428,驻,v,2
9428,总领事馆,n,3
9428,总领事,n,4
9428,贵,a,5
9428,永华,nz,6
9428,情缘,n,7
9451,佛,n,0
9451,奥俊贤,nr,1
9451,雅居,nr,2
9451,业主,n,3
9451,黑,a,4
9451,物业,n,5
9451,威胁,vn,6
9520,探访,v,0
9520,月湖,n,1
9520,桥,n,2
9520,施工,vn,3
9520,道路,n,4
9520,真,d,5
9520,不好,d,6
9520,走,v,7
9599,湖北,ns,0
9599,建筑,n,1
9599,垃圾,n,2
9599,资源化,n,3
9599,利用,n,4
9599,生活,vn,5
9599,垃圾,n,6
9608,激动,a,0
9608,站,v,1
9608,米,m,2
9608,高,a,3
9608,长江,ns,4
9608,航运,n,5
9608,中心,n,6
9608,风景,n,7
9608,心旷神怡,i,8
9650,洪山区,ns,0
9650,马房,n,1
9650,山南,ns,2
9650,国雄,n,3
9650,楚,nr,4
9650,广场,n,5
9650,负,v,6
9650,二楼,n,7
9650,垃圾,n,8
9650,成堆,n,9
9654,市政,n,0
9654,施工,vn,1
9654,建筑,n,2
9654,垃圾,n,3
9654,无人,n,4
9654,收尾,n,5
9658,蔡甸,nrfg,0
9658,中,f,1
9658,核,n,2
9658,锦城,ns,3
9658,一期,d,4
9658,楼顶,n,5
9658,漏水,n,6
9785,墨水,ns,0
9785,湖,ns,1
9785,大桥,ns,2
9785,桥下,s,3
9785,垃圾,n,4
9787,高新,d,0
9787,二路,m,1
9787,路况,n,2
9787,极差,n,3
9795,湖北省,ns,0
9795,编办,v,1
9795,经济,n,2
9795,发达,v,3
9795,镇,n,4
9795,党委书记,n,5
9795,高,a,6
9795,配,v,7
9795,副县级,b,8
9809,垃圾,n,0
9809,污水,n,1
9809,橫流,n,2
9809,下水,v,3
9809,堵塞,v,4
9837,投诉,v,0
9837,黄龙山,ns,1
9837,北路,ns,2
9837,公园,n,3
9837,绿地,n,4
9837,违规,vn,5
9837,建设,vn,6
9837,垃圾,n,7
9837,中转站,n,8
9853,金涛,nr,0
9853,翰林,nz,1
9853,苑,nr,2
9853,小区,n,3
9853,房屋,n,4
9853,漏水,n,5
9853,多年,m,6
9853,无人,n,7
9853,解决,v,8
9854,清理,a,0
9854,奇葩,n,1
9854,证明,n,2
9854,列出,v,3
9854,时间表,n,4
9854,月,m,5
9854,日前,t,6
9854,公布,v,7
9854,目录,n,8
9903,桥下,s,0
9903,垃圾,n,1
10019,新,a,0
10019,长江,ns,1
10019,香榭,ns,2
10019,琴台,n,3
10019,小区,n,4
10019,野狗,n,5
10019,盘踞,v,6
10019,威胁,vn,7
10019,居民,n,8
10019,人身安全,i,9
10021,麒麟,n,0
10021,路,n,1
10021,汉桥,nz,2
10021,村,zg,3
10021,公交车站,n,4
10021,马路上,l,5
10021,垃圾,n,6
10021,恶臭,a,7
10021,难闻,n,8
10022,招商,n,0
10022,公园,n,1
10022,物业费,n,2
10022,高,a,3
10022,服务,vn,4
10022,达标,v,5
10031,地铁站,n,0
10031,直饮水,n,1
10031,放心,v,2
10031,喝,vg,3
10031,频现,v,4
10031,垃圾,n,5
10031,洗脸,v,6
10031,洗手,v,7
10031,吐痰,v,8
10094,凯旋,nr,0
10094,湾,zg,1
10094,涉嫌,v,2
10094,违规,vn,3
10094,提价,v,4
10094,欺骗,v,5
10094,消费者,n,6
10099,沿海,f,0
10099,赛,nz,1
10099,洛城,ns,2
10099,顶楼,n,3
10099,漏水,n,4
10176,名,q,0
10176,花园,n,1
10176,小区,n,2
10176,垃圾,n,3
10176,中转站,n,4
10176,里,f,5
10176,污水,n,6
10176,倒流,v,7
10176,名,q,8
10176,花园,n,9
10176,小区,n,10
10213,武昌,ns,0
10213,长城,ns,1
10213,嘉苑,nr,2
10213,后门,n,3
10213,菜场,n,4
10213,垃圾,n,5
10213,无人,n,6
10213,清理,a,7
10239,友谊路,ns,0
10239,路口,s,1
10239,垃圾,n,2
10239,臭气熏天,l,3
10239,垃圾桶,n,4
10239,占,v,5
10239,道,q,6
10239,无人管,l,7
10280,垃圾,n,0
10280,回收站,n,1
10280,藏匿,v,2
10280,社区,n,3
10280,堵塞,v,4
10280,消防通道,n,5
10280,困扰,v,6
10280,居民,n,7
10299,花样,n,0
10299,城,n,1
10299,建筑,n,2
10299,垃圾,n,3
10299,未,d,4
10299,清理,a,5
10299,门前三包,i,6
10299,管理,vn,7
10299,稀烂,a,8
10318,举报,v,0
10318,会销,n,1
10318,保健品,n,2
10318,欺骗,v,3
10318,老年人,n,4
10341,纽宾,ns,0
10341,凯,nrt,1
10341,国际,n,2
10341,社区,n,3
10341,蜜城,n,4
10341,垃圾,n,5
10341,处理不当,l,6
10341,堵住,v,7
10341,消防通道,n,8
10352,丽水,ns,0
10352,佳园,n,1
10352,小区,n,2
10352,物业,n,3
10352,半夜,m,4
10352,清运,n,5
10352,生活,vn,6
10352,垃圾,n,7
10352,扰民,n,8
10369,村干部,n,0
10369,威胁,vn,1
10369,巡湖,n,2
10369,工作人员,n,3
10369,警告,n,4
10369,免职,v,5
10403,电信,n,0
10403,常青,nr,1
10403,路,n,2
10403,营业厅,n,3
10403,欺骗,v,4
10403,消费者,n,5
10411,湖北,ns,0
10411,盐业,n,1
10411,集团,n,2
10411,一年,m,3
10411,亏,v,4
10411,亿多,m,5
10411,减员增效,n,6
10413,奇葩,n,0
10413,湖北,ns,1
10413,盐业,n,2
10413,公司,n,3
10413,经理,n,4
10413,取消,v,5
10413,职工,n,6
10413,班车,n,7
10413,专车接送,n,8
10429,黑心,n,0
10429,开发商,n,1
10476,雄楚,a,0
10476,大道,n,1
10476,楚,nr,2
10476,康路,n,3
10476,保利,n,4
10476,拉菲,nrt,5
10476,小区,n,6
10476,狗,n,7
10476,威胁,vn,8
10476,公共安全,nr,9
10482,佛,n,0
10482,奥俊贤,nr,1
10482,雅居,nr,2
10482,地下,s,3
10482,车库,n,4
10482,漏水,n,5
10598,盘龙城,ns,0
10598,航空,n,1
10598,总部,n,2
10598,地铁站,n,3
10598,住宅区,n,4
10598,污水,n,5
10598,横流,n,6
10598,道路,n,7
10598,卫生,an,8
10598,恶劣,a,9
10663,博艺路,n,0
10663,这条,mq,1
10663,三八线,m,2
10663,重修,vn,3
10663,填,v,4
10663,坑,n,5
10669,汉正街,nr,0
10669,号,m,1
10669,尚义,nr,2
10669,小区,n,3
10669,楼,n,4
10669,厕所,n,5
10669,管道,n,6
10669,锈蚀,v,7
10669,漏水,n,8
10680,男子,n,0
10680,讨薪,v,1
10680,爬,v,2
10680,米,q,3
10680,高,a,4
10680,塔吊,n,5
10680,脱水,v,6
10680,中暑,t,7
10680,下不来,v,8
10792,地铁,n,0
10792,申建,v,1
10792,门槛,n,2
10792,高,a,3
10792,倍,m,4
10792,城市,ns,5
10792,新,a,6
10792,地铁,n,7
10792,黄,nr,8
10823,小汽车,n,0
10823,垃圾,n,1
10823,丢,v,2
10872,万科,nz,0
10872,翡翠,n,1
10872,国际,n,2
10872,地库,n,3
10872,垃圾,n,4
10872,成堆,n,5
10960,水上,s,0
10960,清洁工,n,1
10960,沿湖,f,2
10960,捞,v,3
10960,垃圾,n,4
10972,垃圾,n,0
10972,回收,v,1
10972,车,zg,2
10972,回收,v,3
10972,垃圾,n,4
10972,区内,s,5
10972,污水,n,6
10972,横流,n,7
11014,旅游,vn,0
11014,大巴,n,1
11014,转弯,v,2
11014,走,v,3
11014,错,n,4
11014,道,q,5
11014,车身,n,6
11014,太,d,7
11014,高,a,8
11014,卡,nr,9
11014,立交桥,n,10
11014,底,f,11
11015,一张,m,0
11015,世界级,n,1
11015,名片,n,2
11015,湖北,ns,3
11015,首个,m,4
11015,国际,n,5
11015,慢,a,6
11015,城,n,7
11015,神农架,n,8
11066,湖北,ns,0
11066,入梅,ns,1
11066,首场,n,2
11066,降雨,n,3
11066,趋于,v,4
11066,结束,v,5
11066,气温,n,6
11066,偏,d,7
11066,高,a,8
11066,防暑,v,9
11119,海伦,nr,0
11119,小镇,nr,1
11119,地下,s,2
11119,停车场,n,3
11119,收费,n,4
11119,高,a,5
11119,漏水,n,6
11119,消防设施,n,7
11139,蒸,v,0
11139,馍馍,n,1
11139,摆放,v,2
11139,足,a,3
11139,米,q,4
11139,高,a,5
11139,算不算,v,6
11139,奇事,n,7
11159,汉口,ns,0
11159,北凌峰,ns,1
11159,御景,n,2
11159,国际,n,3
11159,捆绑,v,4
11159,车位,n,5
11159,坑,n,6
11159,老百姓,n,7
11159,血汗钱,n,8
11280,消防栓,n,0
11280,漏水,n,1
11280,无人管,l,2
11329,市长,n,0
11329,信箱,n,1
11329,工作效率,n,2
11329,高,a,3
11859,黄金,n,0
11859,破,v,1
11859,位见,v,2
11859,曙光,nz,3
11859,多头,m,4
11859,延续,v,5
11859,高,a,6
11859,年底,t,7
11859,一周,m,8
11931,封闭,v,0
11931,区域,n,1
11931,物价,n,2
11931,高,a,3
11931,湖北,ns,4
11931,曝光,nz,5
11931,价格,n,6
11931,违法,vn,7
11931,案例,n,8
12193,解析,vn,0
12193,数码,n,1
12193,图文,n,2
12193,印刷,vn,3
12193,优势,n,4
12193,威胁,vn,5
12236,男子,n,0
12236,心情,n,1
12236,不好,d,2
12236,砸,v,3
12236,共享,v,4
12236,单车,n,5
12236,出气,v,6
12236,晨练,n,7
12236,大妈,n,8
12236,怒,vg,9
12236,怼,g,10
12255,洪山区,ns,0
12255,大树,n,1
12255,坑,n,2
12255,美不美,ns,3
12256,洪山区,ns,0
12256,绿化,n,1
12256,树苗,n,2
12256,没了,v,3
12256,剩下,v,4
12256,泥巴,n,5
12256,坑,n,6
12264,高,a,0
12264,校名,n,1
12264,新生,n,2
12264,撞名,v,3
12264,明星,nr,4
12264,张国荣,nr,5
12264,李娜,nr,6
12303,人行道,n,0
12303,旁,f,1
12303,坑,n,2
12303,好不好,l,3
12306,一种,m,0
12306,选择,v,1
12306,彰显,v,2
12306,铁路,n,3
12306,服务,vn,4
12306,高,a,5
12306,档次,n,6
12332,月饼,n,0
12332,上市,ns,1
12332,奇葩,n,2
12332,口味,n,3
12332,再现,v,4
12332,网红款,n,5
12332,抢,v,6
12332,实体店,n,7
12332,风头,n,8
12433,工商总局,nt,0
12433,禁限用,n,1
12433,奇葩,n,2
12433,企业,n,3
12433,名称,n,4
12433,语句,n,5
12433,段落,n,6
12618,汉口,ns,0
12618,江滩,ns,1
12618,长江,ns,2
12618,水位,n,3
12618,退下,v,4
12618,一人多,m,5
12618,高,a,6
12633,一款,m,0
12633,危险,an,1
12633,玩具,n,2
12633,潜进,v,3
12633,校园,n,4
12633,瞬间,t,5
12633,电压,n,6
12633,高,a,7
12633,达,v,8
12633,多伏,m,9
12690,男子,n,0
12690,购到,v,1
12690,弹,v,2
12690,汤圆,nr,3
12690,蹦,v,4
12690,三尺,m,5
12690,高,a,6
12690,吃,v,7
12718,哈罗,nrt,0
12718,康拜,ns,1
12718,荆门,ns,2
12718,使用率,n,3
12718,倍,m,4
12718,高,a,5
12825,毕业,n,0
12825,季,n,1
12825,驾,v,2
12825,联盟,j,3
12825,应届,v,4
12825,高,a,5
12825,考生,v,6
12825,送来,v,7
12825,一份,m,8
12825,大礼,nz,9
12853,收到,v,0
12853,奇葩,n,1
12853,短信,n,2
12853,不知,v,3
12853,干什么,l,4
12948,幼儿园,nr,0
12948,奇葩,n,1
12948,收费,n,2
12977,奇葩,n,0
12977,秀,ag,1
12977,珍,ng,2
12977,花园,n,3
12977,围住,v,4
12977,高压,n,5
12977,线缆,n,6
13010,垃圾,n,0
13010,从天,t,1
13010,降,v,2
13010,高空,n,3
13010,抛物,n,4
13010,实在,v,5
13010,可恶,v,6
13174,市民,n,0
13174,热情,n,1
13174,高,a,2
13174,冒雨,v,3
13174,汉马,ns,4
13250,春游,n,0
13250,正,d,1
13250,垃圾,n,2
13250,乱,d,3
13250,扔,v,4
13311,高,a,0
13311,湿度,n,1
13311,两天,m,2
13311,直,d,3
13311,寒颤,n,4
13440,炒,v,0
13440,壳,n,1
13440,高,a,2
13440,送转,v,3
13440,被限,n,4
13440,翻倍,d,5
13440,牛股,n,6
13440,新,a,7
13440,洼地,n,8
13440,浮现,v,9
13485,湖北,ns,0
13485,农村,n,1
13485,垃圾,n,2
13485,治理,v,3
13485,考评,v,4
13485,成绩,n,5
13485,出炉,v,6
13485,市,n,7
13485,排名,v,8
13485,第一,m,9
13558,铁路局,n,0
13558,信访室,n,1
13558,实拍,v,2
13558,旧,a,3
13558,破,v,4
13558,漏水,n,5
13591,汉口,ns,0
13591,京汉,ns,1
13591,大道,n,2
13591,智,ng,3
13591,路口,s,4
13591,非机动车,l,5
13591,道,q,6
13591,两处,m,7
13591,坑,n,8
13598,电视台,n,0
13598,健康,a,1
13598,讲座,n,2
13598,忽悠,z,3
13598,老年人,n,4
13598,免费送,v,5
13598,评书,n,6
13598,机,n,7
13598,实为,v,8
13598,广告,n,9
13598,机,n,10
13671,春天,t,0
13671,脚步,n,1
13671,走,v,2
13671,慢,a,3
13688,垃圾,n,0
13688,垃圾箱,n,1
13688,钻,v,2
13688,树洞,n,3
13969,廉价,n,0
13969,航空,n,1
13969,抢滩,n,2
13969,掀起,v,3
13969,促销,v,4
13969,战,n,5
14138,汉阳,ns,0
14138,食,v,1
14138,展会,v,2
14138,首日,t,3
14138,人气,n,4
14138,高,a,5
14318,蠢,a,0
14318,到手,d,1
14318,钱,n,2
14318,坑,n,3
14376,郧西,ns,0
14376,冷泉,nr,1
14376,养殖,vn,2
14376,三文鱼,nz,3
14376,农博会,j,4
14376,上赏,v,5
14376,奇葩,n,6
14427,北大荒,ns,0
14427,超市,v,1
14427,欺骗,v,2
14427,老人,n,3
14427,故技,n,4
14427,重演,vn,5
14551,新生,n,0
14551,颜值,n,1
14551,高,a,2
14686,宜宾市,ns,0
14686,天一,b,1
14686,医疗,n,2
14686,美容,n,3
14686,诊所,v,4
14686,植皮,n,5
14686,失败,v,6
14686,患者,n,7
14686,反,v,8
14686,威胁,vn,9
14686,殴打,v,10
14771,华尔街,ns,0
14771,位,q,1
14771,金融,n,2
14771,高,a,3
14771,管访,v,4
14771,汉,n,5
14771,中国,ns,6
14771,投资,vn,7
14771,摸底,n,8
14789,太平,ns,0
14789,鸟,zg,1
14789,楚河,ns,2
14789,汉街店,nz,3
14789,服务质量,n,4
14789,恶劣,a,5
15018,捕鱼,v,0
15018,有趣,a,1
15018,生命,vn,2
15018,价,n,3
15018,高,a,4
15042,祈求,v,0
15042,政府,n,1
15042,调查,vn,2
15042,内幕,n,3
15042,百姓,n,4
15042,血汗钱,n,5
15042,黑心,n,6
15042,万基,nz,7
15042,开发商,n,8
15042,诈骗,vn,9
15042,业主,n,10
15042,血汗钱,n,11
15046,中南,ns,0
15046,民,ng,1
15046,大学生,n,2
15046,素质,n,3
15046,高,a,4
15046,帮,v,5
15046,大叔,n,6
15046,捡,v,7
15046,自行车,n,8
15046,锁,v,9
15066,垃圾,n,0
15066,陈列,nr,1
15066,展,v,2
15066,摄于,v,3
15066,汉阳,ns,4
15066,五龙,nz,5
15066,路口,s,6
15066,南,ns,7
15081,配电,vn,0
15081,箱柜,n,1
15081,藏,j,2
15081,垃圾,n,3
15136,节日,t,0
15136,拾,v,1
15136,垃圾,n,2
15161,义务,n,0
15161,拾,v,1
15161,垃圾,n,2
15161,点赞,v,3
15166,没想到,l,0
15166,黄冈,ns,1
15166,菜价,n,2
15166,高,a,3
15185,武钢,nr,0
15185,去年,t,1
15185,巨,ag,2
15185,亏,v,3
15185,亿,m,4
15185,暂成,v,5
15185,亏损,vn,6
15185,王,nr,7
15206,一季度,mq,0
15206,市,n,1
15206,同比,j,2
15206,增长,v,3
15206,增速,v,4
15206,高,a,5
15206,全国,n,6
15206,百分点,m,7
15454,请教,v,0
15454,地铁,n,1
15454,顶面,f,2
15454,漏水,n,3
15486,围栏,n,0
15486,坑,n,1
15486,危险,an,2
15566,上周,t,0
15566,卖,v,1
15566,套,q,2
15566,新房,n,3
15566,创新,v,4
15566,高,a,5
15566,万元,m,6
15566,盘,q,7
15566,成,n,8
15566,主流,b,9
15665,消防栓,n,0
15665,漏水,n,1
15665,源头,n,2
15665,解决,v,3
15802,垃圾,n,0
15802,放错,v,1
15802,位置,v,2
15802,宝贝,nr,3
15900,盘龙城,ns,0
15900,发现,v,1
15900,高,a,2
15900,规格,n,3
15900,商代,t,4
15900,墓葬,n,5
15900,方国,n,6
15900,国王,n,7
15900,地方,n,8
15900,首领,n,9
15912,扔,v,0
15912,垃圾,n,1
15912,差,a,2
15912,一步,m,3
15912,文明,nr,4
15912,做,v,5
15985,乱,d,0
15985,扔,v,1
15985,垃圾,n,2
15985,到此一游,l,3
15985,一路货色,l,4
16059,奇葩,n,0
16059,车道,n,1
16059,左转,nr,2
16059,车道,n,3
16059,右边,f,4
16059,右转,n,5
16059,车道,n,6
16139,奇葩,n,0
16139,事情,n,1
16139,一笑了之,i,2
16211,奇葩,n,0
16211,迷你,b,1
16211,袖珍,b,2
16211,二胡,n,3
16277,汉产,j,0
16277,高,a,1
16277,颜值,n,2
16277,电动汽车,n,3
16277,月,m,4
16277,上市,ns,5
16277,时速,n,6
16277,公里,q,7
16527,我市,r,0
16527,农村,n,1
16527,建成,v,2
16527,垃圾,n,3
16527,收运,n,4
16527,体系,n,5
16975,商铺,n,0
16975,做生意,v,1
16975,忽悠,z,2
16975,顾客,nr,3
16975,整,v,4
16975,关门,n,5
17000,不缴,v,0
17000,垃圾,n,1
17000,服务费,n,2
17000,万科,nz,3
17000,等家,n,4
17000,单位,n,5
17000,城管,n,6
17000,老赖,n,7
17000,名单,n,8
17195,层楼,n,0
17195,高,a,1
17195,扶梯,n,2
17195,亮相,n,3
17195,宗关,n,4
17195,地铁站,n,5
17195,系,v,6
17195,华中,ns,7
17195,第一,m,8
17195,高程,n,9
17195,扶梯,n,10
17234,市政府,n,0
17234,银企,n,1
17234,座谈会,n,2
17234,专题研究,n,3
17234,农企,j,4
17234,融资难,l,5
17234,融资,vn,6
17234,贵,a,7
17299,海关,ns,0
17299,物流,n,1
17299,信息系统,n,2
17299,上线,n,3
17299,智能化,nr,4
17299,程度,n,5
17299,高,a,6
17299,提速,v,7
17299,外贸,n,8
17299,物流,n,9
17304,天然气,n,0
17304,日,m,1
17304,用量,n,2
17304,达,v,3
17304,万立方米,m,4
17304,今冬,t,5
17304,气量,n,6
17304,创新,v,7
17304,高,a,8
17384,奇葩,n,0
17384,司机,n,1
17384,车,n,2
17384,停,v,3
17384,路口,s,4
17384,挡住,v,5
17384,路,n,6
17512,狗,n,0
17512,相亲,v,1
17512,奇葩,n,2
17512,拜金女,n,3
17512,结婚,v,4
17512,豪宅,n,5
17512,哒,zg,6
17654,房屋,n,0
17654,住,v,1
17654,舒心,a,2
17654,房屋,n,3
17654,通风,n,4
17654,不好,d,5
17654,生活,vn,6
17654,起居,v,7
17654,养,nr,8
17670,参与,v,0
17670,投票,n,1
17670,街头,s,2
17670,雕塑,n,3
17670,太,d,4
17670,奇葩,n,5
17670,楼主,n,6
17670,公共,b,7
17685,奇葩,n,0
17685,出租车,n,1
17685,司机,n,2
17685,开车,v,3
17685,谍战剧,n,4
17685,乘客,n,5
17685,不轻,a,6
17716,小区,n,0
17716,违建,v,1
17716,率,v,2
17716,高,a,3
17716,达,v,4
17716,九成,m,5
17716,城管,n,6
17716,物业,n,7
17716,整治,n,8
17716,难,a,9
17716,阻止,v,10
17756,高,a,0
17756,收入,v,1
17756,人群,n,2
17756,万,m,3
17756,市,n,4
17756,税收,n,5
17756,入,v,6
17756,首次,m,7
17756,百亿元,m,8
17871,高,a,0
17871,校名,n,1
17871,毕业生,n,2
17871,收到,v,3
17871,迟到,v,4
17871,毕业证,n,5
17901,高,a,0
17901,创会,n,1
17901,闭幕,v,2
17901,项目,n,3
17901,现场,n,4
17901,签约,v,5
17930,高,a,0
17930,创会,n,1
17930,昨日,t,2
17930,闭幕,v,3
17930,项目,n,4
17930,现场,n,5
17930,签约,v,6
18022,闹市,v,0
18022,神,n,1
18022,停车,v,2
18022,奇葩,n,3
18022,方式,n,4
18040,山寨,ns,0
18040,周,nr,1
18040,黑,a,2
18040,鸭,ng,3
18040,忽悠,z,4
18040,客商,n,5
18040,来汉,t,6
18040,加盟,ns,7
18040,涉事,v,8
18040,企业,n,9
18040,罚,v,10
18040,万,m,11
18050,工程,n,0
18050,大学,n,1
18050,高,a,2
18050,科,n,3
18050,集团,n,4
18050,合建,v,5
18050,主题,n,6
18050,科技园,n,7
18050,签约,v,8
18050,仪式,n,9
18145,上周,t,0
18145,卖房,n,1
18145,套,q,2
18145,创新,v,3
18145,高,a,4
18302,秋老虎,nr,0
18302,发威,v,1
18302,上周,t,2
18302,平均,a,3
18302,高温,n,4
18302,常年,d,5
18302,高,a,6
18379,换乘,nz,0
18379,届,d,1
18379,高,a,2
18379,冷,a,3
18379,嗨,e,4
18379,地铁,n,5
18379,号线,n,6
18449,首批,m,0
18449,地埋式,n,1
18449,垃圾,n,2
18449,转运站,n,3
18449,启用,v,4
18449,压缩,v,5
18449,垃圾,n,6
18449,异味,n,7
18449,噪声,n,8
18485,肠胃,n,0
18485,不好,d,1
18485,吃,v,2
18485,爽,nr,3
18507,宏,n,0
18507,光电,j,1
18507,太,d,2
18507,坑人,n,3
18538,大悟,n,0
18538,名剩,v,1
18538,男,b,2
18538,骗婚,v,3
18538,团伙,n,4
18538,坑,n,5
18538,惨,a,6
18538,新娘,n,7
18538,闪,v,8
18576,谨防,v,0
18576,园,zg,1
18576,博园,n,2
18576,高,a,3
18576,仿,d,4
18576,门票,n,5
18576,园方,s,6
18576,提醒,v,7
18576,正规,a,8
18576,途径,n,9
18576,购票,n,10
18629,园,zg,0
18629,博园,n,1
18629,昨,tg,2
18629,迎,v,3
18629,万,m,4
18629,创新,v,5
18629,高,a,6
18642,园,zg,0
18642,博园,n,1
18642,昨,tg,2
18642,迎,v,3
18642,万,m,4
18642,创新,v,5
18642,高,a,6
18642,杭州,ns,7
18642,园,zg,8
18642,超负荷,b,9
18700,天河机场,n,0
18700,新,a,1
18700,航空,n,2
18700,塔台,ns,3
18700,封顶,n,4
18700,米,m,5
18700,创,n,6
18700,中国,ns,7
18700,航空,n,8
18700,塔,j,9
18700,第一,m,10
18700,高,a,11
18765,百万吨,m,0
18765,垃圾,n,1
18765,山,n,2
18765,变身,v,3
18765,园,n,4
18765,博园,n,5
18938,健身,v,0
18938,关门,n,1
18938,百名,m,2
18938,会员,n,3
18938,坑,n,4
19001,机器人,n,0
19001,威胁,vn,1
19001,饭碗,n,2
19001,伪,j,3
19012,机场,n,0
19012,安检,v,1
19012,遇,v,2
19012,奇葩,n,3
19012,违禁品,n,4
19012,黄鼠狼,n,5
19012,藏,j,6
19012,行李箱,n,7
19042,奇葩,n,0
19042,餐厅,n,1
19042,去过,vq,2
19065,中国,ns,0
19065,体育馆,n,1
19065,第一,m,2
19065,高,a,3
19065,开启,v,4
19065,面积,n,5
19065,全国,n,6
19065,旋风,n,7
19065,球场,n,8
19065,光谷,n,9
19065,竣工,v,10
19134,积分换,v,0
19134,礼品,n,1
19134,试点,n,2
19134,启动,vn,3
19134,两年,m,4
19134,江城,ns,5
19134,垃圾,n,6
19134,分类,n,7
19134,初见成效,i,8
19344,开学,n,0
19344,季,n,1
19344,高,a,2
19344,校名,n,3
19344,新生,n,4
19344,仅名,v,5
19344,独立,v,6
19401,东湖,ns,0
19401,高新区,nr,1
19401,银行,n,2
19401,门前,s,3
19401,垃圾,n,4
19401,大桶,m,5
19415,银松路,nr,0
19415,红松,nr,1
19415,巷,ng,2
19415,黑心,n,3
19415,餐馆,n,4
19422,万万,m,0
19422,没想到,l,1
19422,高,a,2
19422,致癌,v,3
19422,致畸,v,4
19422,鱼,n,5
19422,餐桌上,n,6
19452,晚上,t,0
19452,睡不着,v,1
19452,做,v,2
19452,奇葩,n,3
19452,事,n,4
19460,生活,vn,0
19460,层,q,1
19460,高,n,2
19460,楼上,s,3
19460,体验,n,4
19466,诚臣,n,0
19466,装饰,n,1
19466,生活,vn,2
19466,家,q,3
19466,相比,v,4
19466,价格,n,5
19466,贵,a,6
19466,不贵,a,7
19485,河南省,ns,0
19485,桐柏县,ns,1
19485,公务员,n,2
19485,欺骗,v,3
19485,霸占,v,4
19485,农民,n,5
19485,自留地,l,6
19485,县,zg,7
19485,法官,n,8
19485,农民,n,9
19549,商务部,nt,0
19549,人民币,n,1
19549,汇率,n,2
19549,调整,vn,3
19549,外贸,n,4
19549,影响,vn,5
19549,不宜,a,6
19549,过分,n,7
19549,解读,v,8
19591,记者,n,0
19591,卧底,n,1
19591,招生,v,2
19591,公司,n,3
19591,高,a,4
19591,考生,v,5
19591,信息,n,6
19591,遭,v,7
19591,疯狂,a,8
19591,泄露,v,9
19664,奇葩,n,0
19664,拆迁,v,1
19664,楼,n,2
19664,楼梯,n,3
19664,冇,y,4
19688,毕业,n,0
19688,未,d,1
19688,就业,v,2
19688,期待,v,3
19688,高,a,4
19701,湖北,ns,0
19701,赤壁,n,1
19701,产,n,2
19701,沙石,nr,3
19701,房价,n,4
19701,比不产,l,5
19701,咸宁,ns,6
19701,贵,a,7
19701,几百,m,8
19701,为啥,r,9
19738,高,a,0
19738,创会,n,1
19738,首次,m,2
19738,开办,v,3
19738,创业,n,4
19738,大赛,n,5
19765,毕业生,n,0
19765,慢,a,1
19765,就业,v,2
19765,创造,v,3
19765,选择,v,4
19765,空间,n,5
19801,心情,n,0
19801,不好,d,1
19801,美国,ns,2
19801,不爽,a,3
19801,狗,n,4
19801,爆红,v,5
19971,香烟,n,0
19971,越来越,d,1
19971,贵,a,2
19971,戒,v,3
19971,掉,v,4
19971,六旬,t,5
19971,爹爹,n,6
19971,捡,v,7
19971,烟头,n,8
19971,自制,v,9
19971,二手烟,nz,10
19978,轿车,n,0
19978,爆胎,n,1
19978,撞,v,2
19978,隔离带,n,3
19978,交警,j,4
19978,提醒,v,5
19978,路面,n,6
19978,温度,n,7
19978,高,a,8
19978,当心,n,9
19978,爆胎,v,10
19997,世间,n,0
19997,垃圾,n,1
19997,骗子,n,2
19997,肉体,n,3
19997,骗钱,n,4
19997,偏,a,5
19997,财,n,6
19997,逍遥,a,7
19997,法,ns,8
20028,证券公司,n,0
20028,职员,n,1
20028,忽悠,z,2
20028,亲戚,n,3
20028,余万,m,4
20028,万,m,5
20028,炒股,v,6
20028,亏,v,7
20028,万,m,8
20076,奇葩,n,0
20076,父母,n,1
20076,替子,n,2
20076,求职,v,3
20139,现,tg,0
20139,奇葩,n,1
20139,教练车,n,2
20139,车顶,n,3
20139,装,v,4
20139,太阳伞,nr,5
20139,避暑,v,6
20160,贴,v,0
20160,帖子,n,1
20160,审核,v,2
20160,慢,a,3
20268,湖北,ns,0
20268,余名,m,1
20268,大学生,n,2
20268,中介,j,3
20268,欺骗,v,4
20268,打工,v,5
20268,滞留,v,6
20268,广东,ns,7
20373,新城区,ns,0
20373,地区,n,1
20373,垃圾,n,2
20373,山,n,3
20373,山,n,4
20373,高,a,5
20373,山,n,6
20481,部队,n,0
20481,医院,n,1
20481,欺骗,v,2
20481,癫痫病,n,3
20481,患者,n,4
20481,维权,n,5
20490,居民,n,0
20490,投诉,v,1
20490,一眼,m,2
20490,商户,n,3
20490,房产证,j,4
20490,造假,v,5
20490,公务员,n,6
20490,水平,n,7
20490,高,a,8
20533,模拟,v,0
20533,炒股,v,1
20533,赚,v,2
20533,万,m,3
20533,入市,ns,4
20533,亏,v,5
20533,万,m,6
20533,专家,n,7
20533,需,v,8
20533,管理,vn,9
20533,情绪,n,10
20692,人生,n,0
20692,戏,n,1
20692,两朵,m,2
20692,奇葩,n,3
20692,装,v,4
20692,翻译,v,5
20692,软件,n,6
20692,冒充,v,7
20692,韩国,ns,8
20692,网恋,n,9
20720,市,n,0
20720,洪山区,ns,1
20720,地下通道,n,2
20720,旁,f,3
20720,垃圾,n,4
20720,无人管,l,5
20720,图,n,6
20854,奇葩,n,0
20854,民告官,n,1
20854,案,n,2
20854,学校,n,3
20854,拖发,v,4
20854,课本,n,5
20854,父亲,n,6
20854,索,nr,7
20854,精神赔偿,nz,8
21007,小区,n,0
21007,奖励,vn,1
21007,垃圾,n,2
21007,分类,n,3
21007,投放,v,4
21007,剩菜,n,5
21007,剩饭,v,6
21007,可换,v,7
21007,洗衣粉,n,8
21038,北京,ns,0
21038,店,n,1
21038,指,n,2
21038,联合,v,3
21038,二级,b,4
21038,经销商,n,5
21038,欺骗,v,6
21038,消费者,n,7
21075,岂有此理,i,0
21075,小区,n,1
21075,精神病,n,2
21075,患者,n,3
21075,吸毒,v,4
21075,人员,n,5
21075,不好,d,6
21075,管理,vn,7
21241,奇葩,n,0
21241,男,n,1
21241,高校,n,2
21241,摆摊,v,3
21241,招聘,v,4
21241,女友,n,5
21241,一个月,m,6
21241,试用期,n,7
21261,过半,t,0
21261,新,a,1
21261,小区,n,2
21261,物业费,n,3
21261,单价,n,4
21261,超元,nz,5
21261,业主,n,6
21261,称,v,7
21261,收费,n,8
21261,高,a,9
21261,离谱,n,10
21283,坑,n,0
21283,爹,n,1
21283,皇宫,n,2
21283,婚纱照,n,3
21283,拍,v,4
21283,一肚子火,l,5
21283,一身,m,6
21283,包,v,7
21391,吐,v,0
21391,槽,ng,1
21391,冰箱,n,2
21391,异味,n,3
21391,婆婆,n,4
21391,骂,v,5
21391,媳妇,n,6
21391,不好,d,7
21454,福州,ns,0
21454,奇葩,n,1
21454,车牌,n,2
21454,车主,n,3
21454,会面,n,4
21454,引,v,5
21454,网友,n,6
21454,热议,n,7
21489,中国,ns,0
21489,楼市,n,1
21489,空置率,n,2
21489,高,a,3
21489,造城,n,4
21489,过度,n,5
21489,事实,n,6
21532,工信,vn,0
21532,部,n,1
21532,回应,v,2
21532,网费,n,3
21532,贵,a,4
21532,市场,n,5
21532,供给,vn,6
21532,引入,v,7
21532,民资,n,8
21545,奇葩,n,0
21545,联通,nz,1
21665,扶杆,n,0
21665,太,d,1
21665,高,a,2
21665,够不着,l,3
21665,乘客,n,4
21665,咯,o,5
21829,自我,r,0
21829,治愈,v,1
21829,系,v,2
21829,找,v,3
21829,高,a,4
21829,逼格,v,5
21829,地儿,n,6
21829,疗伤,n,7
21953,货车,n,0
21953,司机,n,1
21953,挂靠,v,2
21953,公司,n,3
21953,年,m,4
21953,审,v,5
21953,代办费,n,6
21953,高,a,7
21953,坑人,n,8
22013,亲,v,0
22013,当心,n,1
22013,忽悠,z,2
22013,高价,n,3
22013,草莓,n,4
22013,本地产,j,5
22425,大四,m,0
22425,女生,n,1
22425,组豪,n,2
22425,车队,n,3
22425,卖,v,4
22425,苹果,n,5
22425,盘点,n,6
22425,大学生,n,7
22425,奇葩,n,8
22425,创业,n,9
22425,招数,n,10
22499,华中,ns,0
22499,第一,m,1
22499,高楼,n,2
22499,月,m,3
22499,封顶,n,4
22499,高,a,5
22499,达,v,6
22499,米,q,7
22499,图,n,8
22513,地铁,n,0
22513,建,v,1
22513,好慢,a,2
22513,通车,n,3
22630,交警,j,0
22630,呆,v,1
22630,奇葩,n,2
22630,遮挡,v,3
22630,号牌,n,4
22630,手段,n,5
22631,奇葩,n,0
22631,情侣,n,1
22631,打架,v,2
22631,男友,n,3
22631,开,v,4
22631,法拉利,ns,5
22631,撞墙,n,6
22631,泄愤,v,7
22666,第三批,m,0
22666,自贸区,l,1
22666,猜想,v,2
22666,重庆,ns,3
22666,西安,ns,4
22666,呼声,n,5
22666,高,a,6
22781,美男子,nr,0
22781,神逆天,i,1
22781,武媚娘,nr,2
22781,还原,v,3
22781,度,q,4
22781,高,a,5
22781,达,v,6
22824,投资者,n,0
22824,炒,v,1
22824,银两,n,2
22824,月,m,3
22824,亏,v,4
22824,省,n,5
22824,金融,n,6
22824,办,v,7
22824,九汇,ns,8
22824,贵金属,n,9
22824,整改,v,10
22825,第三批,m,0
22825,自贸区,l,1
22825,申报,nz,2
22825,猜想,v,3
22825,重庆,ns,4
22825,西安,ns,5
22825,呼声,n,6
22825,高,a,7
22826,地铁,n,0
22826,无裤,n,1
22826,日,m,2
22826,席卷,n,3
22826,全球,n,4
22826,盘点,n,5
22826,发生,v,6
22826,地铁,n,7
22826,奇葩,n,8
22826,事,n,9
23026,东湖,ns,0
23026,高新区,nr,1
23026,隐藏,v,2
23026,垃圾,n,3
23026,创建,v,4
23026,文明,nr,5
23026,城,n,6
23286,市,n,0
23286,江汉区,ns,1
23286,路口,s,2
23286,垃圾,n,3
23286,六天,m,4
23286,无人管,l,5
23319,市,n,0
23319,江汉路,ns,1
23319,居民,n,2
23319,出入口,i,3
23319,堆积,v,4
23319,垃圾,n,5
23319,五天,t,6
23319,无人管,l,7
23322,江汉区,ns,0
23322,地下通道,n,1
23322,垃圾,n,2
23322,发,v,3
23322,霉,n,4
23382,千万别,i,0
23382,相亲,v,1
23382,真,d,2
23382,爱,v,3
23382,表弟,n,4
23382,相亲,v,5
23382,神级,n,6
23382,奇葩,n,7
23437,中小学校,j,0
23437,大型,b,1
23437,社旁要建,l,2
23437,垃圾,n,3
23437,中转站,n,4
23443,华中,ns,0
23443,在建,v,1
23443,第一,m,2
23443,高楼,n,3
23443,诞生,v,4
23443,中心,n,5
23443,大厦,n,6
23443,高,a,7
23443,米,m,8
23462,云南,ns,0
23462,早婚,v,1
23462,村岁,n,2
23462,新郎,n,3
23462,迎娶,v,4
23462,岁,m,5
23462,新娘,n,6
23462,盘点,n,7
23462,全球,n,8
23462,奇葩,n,9
23462,婚姻,n,10
23486,投资,vn,0
23486,环境,n,1
23486,真差,n,2
23505,盘点,n,0
23505,奇葩,n,1
23505,请假条,n,2
23505,男子,n,3
23505,长,a,4
23505,丑,a,5
23505,请假,v,6
23505,一周,m,7
23505,获批,v,8
23663,四层楼,n,0
23663,高,a,1
23663,鸟笼,n,2
23663,属,v,3
23663,违建,v,4
23663,城管,n,5
23663,责令,n,6
23663,业主,n,7
23663,拆,v,8
23672,光谷,n,0
23672,世界,n,1
23672,城,n,2
23672,黄色,n,3
23672,垃圾,n,4
23672,蔓延,v,5
23684,地铁,n,0
23684,工地,n,1
23684,突发,v,2
23684,天然气,n,3
23684,泄漏,v,4
23684,现场,n,5
23684,黄烟,n,6
23684,冲天,n,7
23684,数十米,m,8
23684,高,a,9
23700,环卫工,n,0
23700,路,n,1
23700,作业,n,2
23700,时,ng,3
23700,撞,v,4
23700,身亡,v,5
23700,手中,s,6
23700,紧握,v,7
23700,垃圾,n,8
23743,唐僧,nr,0
23743,师徒,n,1
23743,变,v,2
23743,身,ng,3
23743,快递,v,4
23743,哥萌,nr,5
23743,翻,v,6
23743,网友,n,7
23743,盘点,n,8
23743,奇葩,n,9
23743,送货员,l,10
23763,传销,v,0
23763,团伙,n,1
23763,篡改,v,2
23763,新闻联播,nz,3
23763,标题,n,4
23763,忽悠,z,5
23763,数百人,n,6
23763,一锅端,n,7
23876,中国移动,nt,0
23876,讲,v,1
23876,诚信,nz,2
23876,欺骗,v,3
23876,用户,n,4
23920,父亲,n,0
23920,惭愧,a,1
23920,照顾,v,2
23920,不好,d,3
23920,孩子,n,4
23964,中国移动,nt,0
23964,告知,v,1
23964,月,m,2
23964,享受,v,3
23964,流量,n,4
23964,优惠活动,l,5
23964,坑人,n,6
24131,烧,v,0
24131,烧,v,1
24131,烧,v,2
24131,空气质量,n,3
24131,不好,d,4
24131,总再,d,5
24142,十堰,ns,0
24142,黑心,n,1
24142,老板,n,2
24142,开,v,3
24142,一家,m,4
24142,黑心,n,5
24142,店,n,6
24182,网店,n,0
24182,网购,n,1
24182,质量,n,2
24182,差评,n,3
24182,遭,v,4
24182,威胁,vn,5
24182,妥协,v,6
24182,反遭,v,7
24182,差,a,8
24182,评,n,9
24234,请问,v,0
24234,周边,f,1
24234,垃圾,n,2
24234,电厂,n,3
24246,人行道,n,0
24246,井盖,nr,1
24246,坑,n,2
24246,吓人,v,3
24247,全国,n,0
24247,大规模,b,1
24247,热气球,n,2
24247,比赛,vn,3
24247,开幕,v,4
24247,单个,b,5
24247,气球,n,6
24247,层楼,n,7
24247,高,a,8
24270,机动车道,n,0
24270,坑,n,1
24270,车,n,2
24270,坑人,n,3
24321,开头,v,0
24321,高,a,1
24321,仿,d,2
24321,百元,m,3
24321,假钞,n,4
24321,流入,v,5
24321,一招,m,6
24321,辨别,v,7
24321,假钞,n,8
24366,武当山,ns,0
24366,垃圾,n,1
24366,破损,v,2
24366,一点点,m,3
24411,生命,vn,0
24411,代价,n,1
24411,换取,v,2
24411,穷游,n,3
24411,廉价,n,4
24411,旅游,vn,5
24411,用钱,v,6
24446,万达,nz,0
24446,遍地开花,i,1
24446,节节,t,2
24446,高,a,3
24446,逆,vg,4
24446,天,q,5
24446,节奏,n,6
24498,交警,j,0
24498,办事效率,n,1
24498,高,a,2
24498,令,v,3
24498,震惊,v,4
24504,五队,m,0
24504,垃圾,n,1
24504,数月,m,2
24504,无人,n,3
24504,清理,a,4
24504,视频,n,5
24560,坑人,n,0
24560,路,n,1
24571,中央,n,0
24571,禁,v,1
24571,干部,n,2
24571,参加,v,3
24571,高,a,4
24571,收费,n,5
24571,培训,vn,6
24571,现,tg,7
24571,官员,n,8
24571,退学,v,9
24571,潮,n,10
24585,代,q,0
24585,购买,v,1
24585,减肥,v,2
24585,贴,v,3
24585,坑,n,4
24642,新生,n,0
24642,遭遇,n,1
24642,黑心,n,2
24642,司机,n,3
24642,距离,n,4
24642,学校,n,5
24642,公里,q,6
24642,甩,v,7
24642,客,n,8
24673,市,n,0
24673,东湖新技术开发区,nt,1
24673,破损,v,2
24673,垃圾,n,3
24673,混合,vn,4
24687,东湖,ns,0
24687,高新区,nr,1
24687,门前,s,2
24687,堆,v,3
24687,垃圾,n,4
24702,市,n,0
24702,东湖,ns,1
24702,高新区,nr,2
24702,人行道,n,3
24702,坑,n,4
24702,咋样,r,5
24702,搞,v,6
24737,好人,n,0
24737,垃圾,n,1
24737,堆积,v,2
24737,死去,v,3
24737,楼梯,n,4
24764,好人,n,0
24764,建筑,n,1
24764,垃圾,n,2
24764,倒,v,3
24764,机动车,n,4
24764,道旁,s,5
24874,江夏,ns,0
24874,笔记,n,1
24874,新世纪,nz,2
24874,高,a,3
24874,修养,v,4
24891,恶心,n,0
24891,导游,n,1
24891,坑,n,2
24891,没商量,l,3
25001,东湖,ns,0
25001,高新区,nr,1
25001,环境,n,2
25001,美不美,ns,3
25001,自行车,n,4
25001,旁,f,5
25001,垃圾,n,6
25001,水,n,7
25065,低成本,l,0
25065,高,a,1
25065,收入,v,2
25065,创业投资,n,3
25065,煎饼,n,4
25065,哥,n,5
25065,成,v,6
25065,黑马,ns,7
25122,东湖,ns,0
25122,高新区,nr,1
25122,马路边,nr,2
25122,新鲜,ns,3
25122,垃圾,n,4
25123,东湖,ns,0
25123,高新区,nr,1
25123,垃圾,n,2
25123,为啥,r,3
25123,无人管,l,4
25175,月湖,n,0
25175,桥下,s,1
25175,垃圾,n,2
25175,堆成堆,n,3
25189,奇葩,n,0
25189,相亲,v,1
25189,女,b,2
25189,嫁,v,3
25189,万,m,4
25189,富豪,nr,5
25301,奇葩,n,0
25301,女司机,n,1
25301,开,v,2
25301,宝马,nr,3
25301,强行,v,4
25301,涉水,v,5
25301,被困,a,6
25326,高,a,0
25326,上大,j,1
25326,领袖,n,2
25326,峰会,n,3
25326,挨,v,4
25326,踢,v,5
25326,程序,n,6
25326,猿,ng,7
25326,参加,v,8
25331,东湖,ns,0
25331,高新区,nr,1
25331,严禁,v,2
25331,停车,v,3
25331,忽悠,z,4
25331,小孩,n,5
25402,天气,n,0
25402,恶劣,a,1
25402,取消,v,2
25402,航班,n,3
25402,法则,n,4
25416,公园,n,0
25416,过早,t,1
25416,垃圾,n,2
25416,收拾,v,3
25438,市,n,0
25438,东湖,ns,1
25438,高新区,nr,2
25438,占,v,3
25438,道,q,4
25438,经营,vn,5
25438,不好,d,6
25448,雷同,nr,0
25448,地名,n,1
25448,坑人,n,2
25448,时隔,n,3
25448,年,m,4
25448,启动,vn,5
25448,第二次,m,6
25448,地名,n,7
25448,普查,vn,8
25607,诈骗,vn,0
25607,团伙,n,1
25607,藏身,n,2
25607,柬埔寨,ns,3
25607,钓走,v,4
25607,高,a,5
25607,万,m,6
25607,图,n,7
25658,东湖,ns,0
25658,高新区,nr,1
25658,马,n,2
25658,路旁,s,3
25658,垃圾,n,4
25658,无人管,l,5
25658,错,n,6
25659,东湖,ns,0
25659,高新区,nr,1
25659,垃圾,n,2
25659,聚集,v,3
25659,半年,m,4
25659,久,a,5
25659,无人管,l,6
25659,视频,n,7
25725,东湖,ns,0
25725,高新区,nr,1
25725,人行道,n,2
25725,臭气,n,3
25725,垃圾,n,4
25725,杂草,n,5
25725,无人,n,6
25725,搞,v,7
25806,日本,ns,0
25806,乱,d,1
25806,扔,v,2
25806,垃圾,n,3
25806,神话,n,4
25806,炼成,v,5
25838,碧桂园,nr,0
25838,黑心,n,1
25838,开发商,n,2
25838,水电,n,3
25838,气,n,4
25838,不通,a,5
25838,业主,n,6
25838,收房,n,7
25838,交,v,8
25838,钱,n,9
25838,收,v,10
25838,房,n,11
25839,广埠屯,ns,0
25839,资讯,n,1
25839,广场,n,2
25839,一楼,n,3
25839,无良,z,4
25839,商家,n,5
25839,忽悠,z,6
25839,学生,n,7
25978,小明,nr,0
25978,心脏,n,1
25978,不好,d,2
25978,勿点,n,3
26065,奇葩,n,0
26065,的哥,n,1
26065,开车,v,2
26065,斗地主,i,3
26065,乘客,n,4
26065,坐车,v,5
26065,胆颤心惊,i,6
26065,图,n,7
26076,卓刀泉,nr,0
26076,南路,ns,1
26076,学,n,2
26076,雅芳,nr,3
26076,邻,n,4
26076,小区,n,5
26076,周边环境,l,6
26076,太烂,n,7
26134,奇葩,n,0
26134,男子,n,1
26134,地铁,n,2
26134,老人,n,3
26134,抢,v,4
26134,座,q,5
26134,失败,v,6
26134,高举,d,7
26134,湿,a,8
26134,雨伞,n,9
26134,滴水,n,10
26141,奇葩,n,0
26141,大楼,n,1
26141,失火,v,2
26141,消防,n,3
26141,处置,v,4
26205,视频,n,0
26205,高,a,1
26205,仿真,d,2
26205,恐龙,nz,3
26205,亮相,n,4
26371,平价,n,0
26371,药店,n,1
26371,贵,a,2
26392,瀛洲,ns,0
26392,轩三绝,i,1
26392,上菜,n,2
26392,迟,a,3
26392,烹调,v,4
26392,差,a,5
26392,价格,n,6
26392,高,a,7
26576,男子,n,0
26576,群发,n,1
26576,万条,m,2
26576,垃圾,n,3
26576,短信,n,4
26576,批捕,v,5
26620,吉林,ns,0
26620,小区,n,1
26620,漏水,n,2
26620,冻出,v,3
26620,米,m,4
26620,巨型,b,5
26620,冰柱,n,6
26735,蔬菜,n,0
26735,逼近,v,1
26735,过年,t,2
26735,价,n,3
26735,青椒,n,4
26735,同比,j,5
26735,贵,a,6
26735,四成,m,7
26807,广州军区,nt,0
26807,总医院,n,1
26807,生命诚可贵,i,2
26807,态度,n,3
26807,价,n,4
26807,高,a,5
26807,若为,c,6
26807,金,n,7
26807,....,m,8
26885,十年,m,0
26885,房价,n,1
26885,涨幅,n,2
26885,惊呆,v,3
26885,十年,m,4
26885,亏,v,5
26903,屌,zg,0
26903,学生宿舍,n,1
26903,养,v,2
26903,鳄鱼,n,3
26903,通报,n,4
26903,盘点,n,5
26903,全球,n,6
26903,奇葩,n,7
26903,学生公寓,n,8
27051,地铁,n,0
27051,二号线,n,1
27051,光谷,n,2
27051,站,v,3
27051,出口处,i,4
27051,漏水,n,5
27063,秘诀,n,0
27063,培养,v,1
27063,孩子,n,2
27063,高,a,3
27063,情商,n,4
27113,嫌,v,0
27113,车速,n,1
27113,太慢,a,2
27113,挡,v,3
27113,道,q,4
27113,男子,n,5
27113,持,v,6
27113,扳手,n,7
27113,狂,d,8
27113,砸,v,9
27113,公交车,n,10
27124,每平方米,l,0
27124,造价,v,1
27124,高,a,2
27124,达,v,3
27124,万,m,4
27124,光谷,n,5
27124,奢华,a,6
27124,酒店,n,7
27124,懒得,v,8
27124,评星,n,9
27143,展出,v,0
27143,全世界,n,1
27143,唯一,b,2
27143,米,m,3
27143,高,a,4
27143,巨型,b,5
27143,钢铁,n,6
27143,侠,nr,7
27143,图,n,8
27186,开发商,n,0
27186,假证,v,1
27186,忽悠,z,2
27186,购房者,n,3
27186,房管局,j,4
27186,追查,v,5
27313,年,m,0
27313,广告,n,1
27313,深深,b,2
27313,欺骗,v,3
27313,.....,m,4
27402,微,a,0
27402,博,n,1
27402,女神,n,2
27402,现身,n,3
27402,网友,n,4
27402,调侃,v,5
27402,拍,v,6
27402,神器,n,7
27402,太坑,ns,8
27402,爹,n,9
27546,高,a,0
27546,二表妹,n,1
27546,一周,m,2
27546,块,q,3
27546,表轮,n,4
27546,戴,v,5
27546,母亲,n,6
27546,称,v,7
27546,女儿,n,8
27546,贵养,n,9
27571,高,a,0
27571,红外,nr,1
27571,公司,n,2
27609,商品价格,n,0
27609,悄悄,z,1
27609,涨,n,2
27609,生活,vn,3
27609,成本,n,4
27609,慢慢,d,5
27609,高,a,6
27748,菜价,n,0
27748,贵,a,1
27748,相关,v,2
27748,部门,n,3
27748,重视,v,4
27777,朝鲜,ns,0
27777,牡丹峰,ns,1
27777,乐团,n,2
27777,美女,n,3
27777,唱,v,4
27777,朝鲜劳动党,nt,5
27777,万岁,m,6
27777,中文字幕,n,7
27777,高,a,8
28006,万个,m,0
28006,居民楼,n,1
28006,垃圾,n,2
28006,通道,v,3
28006,月底,t,4
28006,停用,v,5
28033,坑,n,0
28033,爹,n,1
28033,市民,n,2
28033,公共,b,3
28033,自行车,n,4
28033,涂白,nr,5
28033,据为己有,i,6
28110,央企,j,0
28110,反对,d,1
28110,高,a,2
28110,管限薪,n,3
28110,钱,n,4
28110,差,a,5
28110,内部,f,6
28110,氛围,n,7
28119,公司,n,0
28119,集团,n,1
28119,经济体,n,2
28119,中,f,3
28119,湖北,ns,4
28119,贡献,n,5
28119,高,a,6
28119,实行,v,7
28119,奖励制度,n,8
28231,贵,a,0
28231,公路,n,1
28231,没用,v,2
28231,半年,m,3
28231,修,v,4
28231,米,q,5
28231,花,v,6
28231,万元,m,7
28268,坑,n,0
28268,爹,n,1
28268,环线,n,2
28268,武东,ns,3
28268,收费站,n,4
28268,世界,n,5
28268,段,q,6
28268,限速,v,7
28268,公里,q,8
28268,不合理,n,9
28407,男子,n,0
28407,心情,n,1
28407,不好,d,2
28407,罚,v,3
28407,岁,m,4
28407,儿子,n,5
28407,烈日,n,6
28407,下跪,v,7
28407,马路,n,8
28442,歌坛,n,0
28442,中,f,1
28442,一朵,m,2
28442,璀璨,z,3
28442,奇葩,n,4
28442,组图,v,5
28442,蒂,g,6
28469,高,a,0
28469,空中,s,1
28469,饕鬄,n,2
28469,盛宴,n,3
28469,曝光,nz,4
28469,台,q,5
28481,过分,n,0
28481,几个,m,1
28481,房间,n,2
28499,园,n,0
28499,博会,n,1
28499,停车场,n,2
28499,硚,yg,3
28499,口,q,4
28499,围剿,v,5
28499,铁路沿线,n,6
28499,垃圾,n,7
28499,违建,v,8
28542,请,v,0
28542,理由,n,1
28542,天气,n,2
28542,不好,d,3
28544,湖北,ns,0
28544,钟祥,nr,1
28544,高,a,2
28544,考生,v,3
28544,感觉,n,4
28544,没考,v,5
28544,围堵,v,6
28544,监考,vn,7
28544,老师,n,8
28616,查处,v,0
28616,黑心,n,1
28616,豆腐,n,2
28616,作坊,n,3
28616,现场,n,4
28616,污水,n,5
28616,横流,n,6
28616,布满,nr,7
28616,蛛网,n,8
28664,武昌,ns,0
28664,小区,n,1
28664,停车位,n,2
28664,每月,r,3
28664,高,a,4
28710,大学,n,0
28710,毕业生,n,1
28710,薪资,n,2
28710,调查,vn,3
28710,官员,n,4
28710,子女,n,5
28710,起薪,v,6
28710,高,a,7
28769,世界,n,0
28769,第一,m,1
28769,高,a,2
28769,欲,d,3
28769,世界,n,4
28769,第一,m,5
28769,大佛,d,6
28769,试比高,v,7
28774,南京,ns,0
28774,贵,a,1
28774,版,n,2
28774,问,v,3
28774,黄鹤楼,nr,4
28774,烟,n,5
28774,钱,n,6
28774,一条,m,7
28774,包,v,8
28807,小龙虾,nr,0
28807,需求量,n,1
28807,很大,a,2
28807,价格比,n,3
28807,往年,t,4
28807,贵,a,5
28807,三成,m,6
28898,长江大桥,ns,0
28898,桥面,n,1
28898,惊现,v,2
28898,坑,n,3
28898,过往,t,4
28898,车辆,n,5
28898,避,v,6
28898,不及,c,7
28911,山,n,0
28911,高,a,1
28911,人为,n,2
28911,峰,nr,3
28911,麻城,nr,4
28911,龟,ns,5
28911,峰山,n,6
28911,游玩,n,7
28911,汇报,nz,8
28911,贴,v,9
28992,地沟油,n,0
28992,加工,vn,1
28992,食用油,n,2
28992,严重后果,i,3
28992,可判,v,4
28992,死刑,v,5
28992,黑心,n,6
28992,商,n,7
29242,国防部,nt,0
29242,官员,n,1
29242,日方,n,2
29242,颠倒黑白,i,3
29242,肆意,d,4
29242,渲染,v,5
29242,中国,ns,6
29242,威胁,vn,7
29465,网,n,0
29465,曝,v,1
29465,天河机场,n,2
29465,高,a,3
29465,男子,n,4
29465,劈一字,l,5
29465,看书,v,6
29465,图,n,7
29591,公路,n,0
29591,小流氓,n,1
29591,全民,n,2
29591,忽悠,z,3
29797,三特,nrt,0
29797,索道,nr,1
29797,董事长,n,2
29797,谈,v,3
29797,举牌,v,4
29797,同情,n,5
29797,孟凯,nr,6
29797,心情,n,7
29797,不好,d,8
29842,湖南,ns,0
29842,凤凰古城,ns,1
29842,董事长,n,2
29842,回应,v,3
29842,高,a,4
29842,票价,n,5
29842,门票,n,6
29842,钱,n,7
29842,政府,n,8
29879,见识,v,0
29879,奇葩,n,1
29879,盆栽,n,2
29879,有氧,vn,3
29879,成都,ns,4
29879,晒,v,5
29879,盆栽,n,6
29879,礼,n,7
29955,免费,vn,0
29955,地铁,n,1
29955,卡成,nr,2
29955,垃圾,n,3
29955,买卖,v,4
29955,商品,n,5
29964,襄阳,ns,0
29964,买房,n,1
29964,落,v,2
29964,户,q,3
29964,坑,n,4
29964,爹,n,5
30030,英国,ns,0
30030,承认,v,1
30030,千万吨,m,2
30030,垃圾,n,3
30030,运往,vn,4
30030,亚洲,ns,5
30030,中印等国,nt,6
30030,填埋,v,7
30074,青山,ns,0
30074,牛,n,1
30074,钉子户,n,2
30074,高,a,3
30074,分贝,n,4
30074,噪音,n,5
30074,中,f,6
30074,生活,vn,7
30074,月,m,8
30199,杯具,n,0
30199,房贷,j,1
30199,贵,a,2
30227,嘉兴,nr,0
30227,养殖户,n,1
30227,谈,v,2
30227,猪,n,3
30227,价,n,4
30227,头,n,5
30227,亏,v,6
30227,四五百,m,7
30227,猪,n,8
30227,麻木,nr,9
30274,第十届,m,0
30274,园,zg,1
30274,博会,n,2
30274,落户,n,3
30274,垃圾,n,4
30274,山上,s,5
30274,崛起,v,6
30274,生态园林,n,7
30379,小贝,nr,0
30379,代言,n,1
30379,中,f,2
30379,超,v,3
30379,性价比,n,4
30379,高,a,5
30379,无偿,v,6
30379,外延,n,7
30379,超过,v,8
30379,乔丹,nr,9
30506,远洋,ns,0
30506,一方,m,1
30506,小区,n,2
30506,外,f,3
30506,建筑,n,4
30506,垃圾堆,n,5
30506,八层楼,n,6
30506,高,a,7
30506,图,n,8
30535,司机,n,0
30535,挂,v,1
30535,吊瓶,n,2
30535,开车,v,3
30535,真牛,n,4
30535,逼,v,5
30535,网友,n,6
30535,称,v,7
30535,奇葩,n,8
30535,司机,n,9
30550,遇见,v,0
30550,不好,d,1
30550,男人,n,2
30554,上海,ns,0
30554,中学,n,1
30554,届,m,2
30554,高,a,3
30554,班,n,4
30554,全体同学,nt,5
30554,一封信,i,6
30654,大众,n,0
30654,服务,vn,1
30654,接待,v,2
30654,车主,n,3
30654,态度,n,4
30654,不好,d,5
30654,不先,d,6
30654,对不起,l,7
30654,主,b,8
30880,一场,m,0
30880,赛事,n,1
30880,吨,m,2
30880,垃圾,n,3
30880,袋动,n,4
30880,中,f,5
30880,超,v,6
30880,刻不容缓,i,7
30945,市,n,0
30945,江岸区,ns,1
30945,封闭,v,2
30945,垃圾,n,3
30945,通道,v,4
30945,哪般,r,5
30974,吴莫,nr,0
30974,愁,v,1
30974,亮相,n,2
30974,高,a,3
30974,缇,g,4
30974,耶,j,5
30974,秀场,n,6
30974,中国,ns,7
30974,女星,n,8
30974,蜂拥,v,9
30974,巴黎,ns,10
31010,垃圾,n,0
31010,贴,v,1
31141,烟,n,0
31141,差点,n,1
31141,哥们,n,2
31141,忽悠,z,3
31181,原创,n,0
31181,成立,v,1
31181,垃圾,n,2
31181,民情,n,3
31181,站,v,4
31181,疏导,v,5
31181,健康,a,6
31181,环保,j,7
31181,理念,n,8
31241,鄂州市,ns,0
31241,韩进,nrfg,1
31241,市长,n,2
31241,市长,n,3
31241,信箱,n,4
31241,办,v,5
31241,不好,d,6
31360,牛,n,0
31360,逼,v,1
31360,岁,m,2
31360,海归,ns,3
31360,女博士,n,4
31360,找,v,5
31360,帅哥,nr,6
31360,男友,n,7
31360,笑,v,8
31360,奇葩,n,9
31374,美,j,0
31374,媒,n,1
31374,印度,ns,2
31374,直升机,n,3
31374,研发,j,4
31374,慢,a,5
31374,中国,ns,6
31374,偷,v,7
31374,技术,n,8
31374,鬼佬,n,9
31374,真,d,10
31374,丢人,v,11
31493,恐怖,a,0
31493,国内,s,1
31493,城市,ns,2
31493,地下水,n,3
31493,质,ng,4
31493,极差,n,5
31611,将军,n,0
31611,子,ng,1
31611,二次,m,2
31611,坑,n,3
31611,爹,n,4
31820,日本,ns,0
31820,僧人,n,1
31820,来华,v,2
31820,谢罪,v,3
31820,年,m,4
31820,万,m,5
31820,坑,n,6
31820,前,f,7
31820,念经,n,8
31820,忏悔,v,9
31898,岁,m,0
31898,女孩,n,1
31898,高,a,2
31898,米,m,3
31898,乳房,n,4
31898,发育,vn,5
31898,原因,n,6
31898,竟是,d,7
31898,言情剧,n,8
32000,私家车,n,0
32000,避,v,1
32000,高速,d,2
32000,费,v,3
32000,挂,v,4
32000,假,a,5
32000,军牌,n,6
32000,威胁,vn,7
32000,交警,j,8
32000,识破,v,9
32051,坑,n,0
32051,爹,n,1
32051,油菜花,n,2
32051,籽,ng,3
32269,女子,n,0
32269,心情,n,1
32269,不好,d,2
32269,报假,n,3
32269,警,n,4
32269,戏耍,n,5
32269,余,m,6
32269,警察,v,7
32269,解闷,v,8
32293,广州,ns,0
32293,飞,n,1
32293,济南,ns,2
32293,航班,n,3
32293,遭,v,4
32293,诈弹,v,5
32293,威胁,vn,6
32293,紧急,a,7
32293,备降,v,8
32293,合肥,n,9
32388,日,m,0
32388,环境,n,1
32388,省,n,2
32388,称,v,3
32388,中国,ns,4
32388,雾霾,n,5
32388,飘到,v,6
32388,日本,ns,7
32388,可能性,n,8
32388,高,a,9
32391,网友,n,0
32391,吐,v,1
32391,槽,ng,2
32391,快件,n,3
32391,代签,n,4
32391,奇葩,n,5
32391,快件,n,6
32391,煤气,n,7
32391,签收,v,8
32710,万亩,m,0
32710,工业园,n,1
32710,空置率,n,2
32710,高,a,3
32710,达,v,4
32710,深陷,v,5
32710,空城,n,6
32710,危机,n,7
32712,重庆,ns,0
32712,名,q,1
32712,官员,n,2
32712,国企,j,3
32712,高,a,4
32712,管因,n,5
32712,不雅,a,6
32712,视频,n,7
32712,免,v,8
32730,发现,v,0
32730,高,a,1
32730,仿,d,2
32730,果粒,n,3
32730,橙,n,4
32735,美国,ns,0
32735,人为,n,1
32735,抢,v,2
32735,房,n,3
32735,房子,n,4
32735,写,v,5
32735,情书,n,6
32735,真,d,7
32735,奇葩,n,8
32743,重庆,ns,0
32743,名,q,1
32743,官员,n,2
32743,国企,j,3
32743,高,a,4
32743,管因,n,5
32743,不雅,a,6
32743,视频,n,7
32743,免职,v,8
32820,谈谈,vn,0
32820,奇葩,n,1
32820,乞讨,v,2
32820,方式,n,3
33007,缓解,v,0
33007,空气污染,i,1
33007,情况,n,2
33007,北京,ns,3
33007,排污,v,4
33007,高,a,5
33007,企业,n,6
33007,喊停,v,7
33069,史,ng,0
33069,最长,a,1
33069,工作,vn,2
33069,周,nr,3
33069,今日,t,4
33069,结束,v,5
33069,网友,n,6
33069,称,v,7
33069,坑,n,8
33069,爹,n,9
33141,地铁,n,0
33141,号线,n,1
33141,开通,v,2
33141,不到,v,3
33141,半月,t,4
33141,隧道,n,5
33141,多处,m,6
33141,漏水,n,7
33161,地铁,n,0
33161,广告位,n,1
33161,全国,n,2
33161,贵,a,3
33161,当代,t,4
33161,系,v,5
33161,悄然,d,6
33161,发力,n,7
33161,牛,n,8
33161,逼,v,9
33318,坑,n,0
33318,爹,n,1
33318,电招,n,2
33318,的士,n,3
33318,业务,n,4
33318,每次,r,5
33318,预约,v,6
33318,成功,a,7
33327,酒店,n,0
33327,遭逼,v,1
33327,拆,v,2
33327,四周,m,3
33327,堆车,n,4
33327,垃圾,n,5
33327,上百人,n,6
33327,持械,n,7
33327,看守,v,8
33376,地铁,n,0
33376,王家,n,1
33376,湾,v,2
33376,站,v,3
33376,工地,n,4
33376,发生,v,5
33376,坍塌,v,6
33376,米,m,7
33376,宽大,a,8
33376,坑,n,9
33431,坑,n,0
33431,爹,n,1
33431,远离,v,2
33431,黑心,n,3
33431,医院,n,4
33431,变美,vn,5
33543,亚洲,ns,0
33543,高,a,1
33543,消费,vn,2
33543,城市,ns,3
33543,中国,ns,4
33543,城市,ns,5
33543,上榜,v,6
33543,榜上有名,l,7
33622,湖北,ns,0
33622,九康,ns,1
33622,药业,n,2
33622,园,ng,3
33622,农富,n,4
33622,食品,n,5
33622,肖,nr,6
33622,忽悠,z,7
33622,忽悠,z,8
33622,家乡人,n,9
33774,吐,v,0
33774,槽,ng,1
33774,上海,ns,2
33774,坑,n,3
33774,爹,n,4
33774,房价,n,5
33774,回忆,v,6
33774,永远都是,nz,7
33774,没好,v,8
33816,宜,vg,0
33816,中院,j,1
33816,黑,n,2
33816,法官,n,3
33816,黑心,n,4
33816,开发商,n,5
33904,坑,n,0
33904,爹,n,1
33904,虚假,a,2
33904,促销,v,3
33904,信息,n,4
34244,未来,t,0
34244,城,n,1
34244,门面房,n,2
34244,租金,n,3
34244,贵,a,4
34244,价格,n,5
34414,九康,ns,0
34414,药业,n,1
34414,肖,nr,2
34414,忽悠,z,3
34414,联手,v,4
34414,几家,m,5
34414,商业银行,nt,6
34414,骗,v,7
34414,家乡人,n,8
34414,钱财,nr,9
34478,坑,n,0
34478,爹,n,1
34478,盲,ng,2
34478,道,q,3
34574,湖北,ns,0
34574,九康,ns,1
34574,药业,n,2
34574,公司,n,3
34574,园,ng,4
34574,农富,n,5
34574,食品,n,6
34574,公司,n,7
34574,肖,nr,8
34574,忽悠,z,9
34574,忽悠,z,10
34574,家乡,n,11
34586,高校,n,0
34586,现,tg,1
34586,丝袜,n,2
34586,舞男,n,3
34586,网友,n,4
34586,讽刺,v,5
34586,奇葩,n,6
34753,世界,n,0
34753,消防车,n,1
34753,亮相,n,2
34753,高,a,3
34753,米,q,4
34753,价值,n,5
34753,万元,m,6
34870,短裤,n,0
34870,美女,n,1
34870,跳,v,2
34870,江南,ns,3
34870,气质,n,4
34870,奇葩,n,5
34870,慎入,v,6
34875,求,v,0
34875,高,a,1
34875,指点,n,2
34875,女友,n,3
34875,得病,v,4
34875,话,n,5
34875,安慰,v,6
34894,菜,n,0
34894,场上,s,1
34894,消费者,n,2
34894,卖,v,3
34894,鱼,n,4
34894,黑心,n,5
34948,黄石,nr,0
34948,大冶,j,1
34948,箕,g,2
34948,铺,v,3
34948,镇,n,4
34948,石,ng,5
34948,应,v,6
34948,高,a,7
34948,村,n,8
34991,回家路上,l,0
34991,公车,n,1
34991,无语,nz,2
34991,一件,m,3
34991,事,n,4
35252,外媒,n,0
35252,称,v,1
35252,中国,ns,2
35252,黄金周,nr,3
35252,垃圾,n,4
35252,成堆,n,5
35252,道路,n,6
35252,拥堵,v,7
35252,景象,n,8
35252,恐怖,a,9
35336,梨花,n,0
35336,女孩,n,1
35336,湖北,ns,2
35336,流动人口,n,3
35336,明年,t,4
35336,申请,v,5
35336,公,n,6
35336,租房,n,7
35336,子女,n,8
35336,可就地,l,9
35336,高,a,10
35426,恒大,nz,0
35426,买房,n,1
35426,忽悠,z,2
35426,收房,n,3
35426,忽悠,z,4
35426,签字,v,5
35426,成,v,6
35426,爹,n,7
35433,分享,v,0
35433,订,v,1
35433,火车,n,2
35433,新,a,3
35433,招,v,4
35433,不用,v,5
35433,坑,n,6
35433,爹,n,7
35433,排队,n,8
35437,天安门广场,ns,0
35437,现,tg,1
35437,米,q,2
35437,高,a,3
35437,巨型,b,4
35437,花篮,n,5
35451,恒大,nz,0
35451,金碧,nr,1
35451,天下,s,2
35451,欺骗,v,3
35451,业主,n,4
35451,监管部门,n,5
35451,征集,v,6
35451,业务,n,7
35451,维权,n,8
35551,网,n,0
35551,曝,v,1
35551,武功山,nr,2
35551,帐篷,n,3
35551,节后,t,4
35551,垃圾,n,5
35551,遍地,v,6
35551,曝光,nz,7
35551,台,q,8
35599,今日,t,0
35599,首,m,1
35599,迎,v,2
35599,国际,n,3
35599,自行车,n,4
35599,大赛,n,5
35599,自行车,n,6
35599,贵,a,7
35599,小轿车,n,8
35727,浙江,ns,0
35727,台州,ns,1
35727,的哥,n,2
35727,罢,v,3
35727,运,n,4
35727,抗议,nz,5
35727,份子,n,6
35727,钱,n,7
35727,高,a,8
35966,坑,n,0
35966,爹,n,1
35966,电信,n,2
35966,强制,v,3
35966,弹,v,4
35966,广告,n,5
36062,广州,ns,0
36062,工人,n,1
36062,上门,ns,2
36062,讨薪,v,3
36062,老板,n,4
36062,负荆请罪,i,5
36062,无语,nz,6
36062,版,n,7
36165,中国,ns,0
36165,名创,n,1
36165,服务商,n,2
36165,垃圾,n,3
36282,坑,n,0
36282,爹,n,1
36282,光谷,n,2
36282,大道,n,3
36282,坑,n,4
36282,爹,n,5
36282,名片,n,6
36286,新,a,0
36286,贵妃醉酒,n,1
36286,现,tg,2
36286,师生,nr,3
36286,见面会,n,4
36286,蕲春,ns,5
36286,高,a,6
36286,学子,n,7
36286,实践,v,8
36286,队,n,9
36313,家人,n,0
36313,大声,m,1
36313,坑,n,2
36313,爹,n,3
36313,国道,n,4
36313,设置,vn,5
36313,路障,n,6
36326,江夏,ns,0
36326,工业,n,1
36326,用电,n,2
36326,贵,n,3
36335,黑心,n,0
36335,省,n,1
36335,妇幼保健,n,2
36335,医院,n,3
36335,亲人,n,4
36335,生命,vn,5
36335,可怜,v,6
36335,侄子,n,7
36337,三峡大坝,nz,0
36337,开闸,v,1
36337,泄洪,v,2
36337,排出,v,3
36337,垃圾,n,4
36360,钱,n,0
36360,涨房,n,1
36360,高,a,2
36360,广义,ns,3
36360,货币量,l,4
36360,突破,vn,5
36360,万亿,m,6
36360,短短,z,7
36360,年间,t,8
36360,翻了一番,i,9
36403,高,a,0
36403,考生,v,1
36403,解放,v,2
36403,圣地,n,3
36403,郧西,ns,4
36403,五龙,nz,5
36403,河,ns,6
36415,坑,n,0
36415,爹,n,1
36415,热,n,2
36415,空调车,n,3
36531,菲,ns,0
36531,外长,n,1
36531,吁,vg,2
36531,第三方,m,3
36531,调解,v,4
36531,中,f,5
36531,菲,ns,6
36531,争端,n,7
36531,称,v,8
36531,冲突,vn,9
36531,代价,n,10
36531,太,d,11
36531,高,a,12
36627,公交车,n,0
36627,身上,s,1
36627,路线,n,2
36627,牌,n,3
36627,太,d,4
36627,坑,n,5
36627,爹,n,6
36627,木,n,7
36718,踏青,z,0
36718,忙,v,1
36718,归去,v,2
36718,百年,m,3
36718,可享,v,4
36718,慢,a,5
36718,游,n,6
36809,通,v,0
36809,成本低,n,1
36809,卖家,n,2
36809,高,a,3
36809,离谱,n,4
36871,坑,n,0
36871,爹,n,1
36871,陷阱,n,2
36871,装修,v,3
36871,新居,n,4
36871,一脸,m,5
36871,瀑布,n,6
36871,泪,n,7
36871,问苍天,n,8
36871,求,v,9
36871,神明,n,10
36998,中日,t,0
36998,民间,n,1
36998,远,a,2
36998,未,d,3
36998,谅解,v,4
36998,学者,n,5
36998,勿,d,6
36998,野田,nz,7
36998,访华,v,8
36998,期待,v,9
36998,太,d,10
36998,高,a,11
37029,朋友,n,0
37029,台车,n,1
37029,想,v,2
37029,花钱,n,3
37029,上个,b,4
37029,好点,n,5
37029,号码,n,6
37029,高,a,7
37044,姚家,nrfg,0
37044,岭,n,1
37044,街,n,2
37044,路旁,s,3
37044,露天,v,4
37044,停车,v,5
37044,月,m,6
37044,洪山,nr,7
37044,家乐福,nz,8
37044,地下,s,9
37044,车库,n,10
37044,贵,a,11
37115,坑,n,0
37115,爹,n,1
37115,黑店,ns,2
37115,名,m,3
37115,发,v,4
37115,世家,n,5
37115,中南,ns,6
37115,一路,m,7
37115,店,n,8
37266,黄家湖,nr,0
37266,大桥,ns,1
37266,名字,n,2
37266,真,d,3
37266,不好,d,4
37294,遛狗,v,0
37294,妇女,n,1
37294,骂,v,2
37294,环卫工,n,3
37294,狗,n,4
37294,市长,n,5
37294,批,q,6
37294,素质,n,7
37294,极差,n,8
